retailer,retailer_label,channel,external_id,name,brand,packaging,packaging_label,volume_l,pack_count,is_pack,price,currency,price_basis,pfand,price_incl_pfand,price_per_litre,price_per_litre_incl_pfand,bottle_equivalent_price,unit_price,list_price,on_promotion,in_stock,product_type,colour,sweetness,abv,vintage,country,region,grape_varieties,category_path,packaging_evidence,url,image_url,scraped_at
lidl,Lidl,discounter,100336259,"Vino Rosado Tempranillo 3-l-Bag-in-Box trocken, Roséwein 2025",DUMM,bag_in_box,Bag-in-Box,3.0,1,False,4.99,EUR,gross,0.0,4.99,1.66,1.66,1.24,1.66,,False,True,still,rose,trocken,,2025,Spanien,,Tempranillo,Kategorien/Weinwelt/Weinart/Roséwein,bag in box,https://www.lidl.de/p/vino-rosado-tempranillo-3-l-bag-in-box-trocken-rosewein-2025/p100336259,https://www.lidl.de/assets/gcp6a4634698da44808aa95b4a5c0b4f2e0.jpeg,2026-08-14T14:35:22.516601+00:00
lidl,Lidl,discounter,100200049,"CIMAROSA Shiraz 3-l-Bag-in-Box trocken, Roséwein 2025",CIMA,bag_in_box,Bag-in-Box,3.0,1,False,11.99,EUR,gross,0.0,11.99,4.0,4.0,3.0,4.0,,False,True,still,rose,trocken,,2025,Südafrika,,Shiraz,Kategorien/Weinwelt/Weinart/Roséwein,bag in box,https://www.lidl.de/p/cimarosa-shiraz-3-l-bag-in-box-trocken-rosewein-2025/p100200049,https://www.lidl.de/assets/gcp8f3c2f273cf94734bb83a8e03374c2e0.jpg,2026-08-14T14:35:22.518112+00:00
lidl,Lidl,discounter,100388928,"Grand Sud Merlot 3-l-Bag-in-Box trocken, Rotwein 2025",DUMY,bag_in_box,Bag-in-Box,3.0,1,False,9.99,EUR,gross,0.0,9.99,3.33,3.33,2.5,3.33,,False,True,still,rot,trocken,,2025,Frankreich,Languedoc,Merlot,Kategorien/Weinwelt/Weinart/Rotwein,bag in box,https://www.lidl.de/p/grand-sud-merlot-3-l-bag-in-box-trocken-rotwein-2025/p100388928,https://www.lidl.de/assets/gcp26bfdc1bfcd64824bf31492a98067768.jpg,2026-08-14T14:35:22.518850+00:00
lidl,Lidl,discounter,100274756,"CIMAROSA Chardonnay Chile 3-l-Bag-in-Box trocken, Weißwein 2024",CIMA,bag_in_box,Bag-in-Box,3.0,1,False,8.99,EUR,gross,0.0,8.99,3.0,3.0,2.25,3.0,,False,True,still,weiss,trocken,,2024,Chile,,Chardonnay,Kategorien/Weinwelt/Weinart/Weißwein,bag in box,https://www.lidl.de/p/cimarosa-chardonnay-chile-3-l-bag-in-box-trocken-weisswein-2024/p100274756,https://www.lidl.de/assets/gcpf963126f267348f184b66ce692331de0.jpg,2026-08-14T14:35:22.519324+00:00
lidl,Lidl,discounter,100359207,"Vino Tinto Tempranillo Spanien 3,0-l-Bag-in-Box trocken, Rotwein 2025",DUMM,bag_in_box,Bag-in-Box,3.0,1,False,4.99,EUR,gross,0.0,4.99,1.66,1.66,1.24,1.66,,False,True,still,rot,trocken,,2025,Spanien,,Tempranillo,Kategorien/Weinwelt/Weinart/Rotwein,bag in box,https://www.lidl.de/p/vino-tinto-tempranillo-spanien-3-0-l-bag-in-box-trocken-rotwein-2025/p100359207,https://www.lidl.de/assets/gcp872ef413bb2a409fb80172b24cdf7467.jpeg,2026-08-14T14:35:22.519850+00:00
lidl,Lidl,discounter,100248885,"CIMAROSA Cabernet Sauvignon Chile 3-l-Bag-in-Box trocken, Rotwein 2023",CIMA,bag_in_box,Bag-in-Box,3.0,1,False,12.99,EUR,gross,0.0,12.99,4.33,4.33,3.25,4.33,,False,True,still,rot,trocken,,2023,Chile,,Cabernet Sauvignon,Kategorien/Weinwelt/Weinart/Rotwein,bag in box,https://www.lidl.de/p/cimarosa-cabernet-sauvignon-chile-3-l-bag-in-box-trocken-rotwein-2023/p100248885,https://www.lidl.de/assets/gcp078fa5a768e5463eb59620c8119c16bf.jpg,2026-08-14T14:35:22.520328+00:00
lidl,Lidl,discounter,100223797,"CHEVALIER DE FAUVERT Pays d'Oc Merlot IGP 3-l-Bag-in-Box trocken, Rotwein 2023",CHEV,bag_in_box,Bag-in-Box,3.0,1,False,7.99,EUR,gross,0.0,7.99,2.66,2.66,2.0,2.66,,False,True,still,rot,trocken,,2023,Frankreich,,Merlot,Kategorien/Weinwelt/Weinart/Rotwein,bag in box,https://www.lidl.de/p/chevalier-de-fauvert-pays-d-oc-merlot-igp-3-l-bag-in-box-trocken-rotwein-2023/p100223797,https://www.lidl.de/assets/gcp3de3206da3e64438aeddb7bebed64825.jpg,2026-08-14T14:35:22.520938+00:00
lidl,Lidl,discounter,100352773,"Sol & Mar Sangria 3-l-Bag-in-Box 7,0% Vol",DUMM,bag_in_box,Bag-in-Box,3.0,1,False,6.99,EUR,gross,0.0,6.99,2.33,2.33,1.75,2.33,,False,True,sangria,,,7.0,,,,,Kategorien/Weinwelt/Weinart/Rotwein,bag in box,https://www.lidl.de/p/sol-mar-sangria-3-l-bag-in-box-7-0-vol/p100352773,https://www.lidl.de/assets/gcpecbfe6051a5844d0b7a58b4fe9334faf.jpg,2026-08-14T14:35:22.521459+00:00
lidl,Lidl,discounter,100393170,"MAYBACH Riesling QbA 3-l-Bag-in-Box trocken, Weißwein 2025",MACH,bag_in_box,Bag-in-Box,3.0,1,False,9.99,EUR,gross,0.0,9.99,3.33,3.33,2.5,3.33,,False,True,still,weiss,trocken,,2025,Deutschland,,Riesling,Kategorien/Weinwelt/Weinart/Weißwein,bag in box,https://www.lidl.de/p/maybach-riesling-qba-3-l-bag-in-box-trocken-weisswein-2025/p100393170,https://www.lidl.de/assets/gcp09869bd134334ed8ae45069383b14549.jpg,2026-08-14T14:35:22.522200+00:00
lidl,Lidl,discounter,100337413,"Méditerranée Rosé IGP 3-l-Bag-in-Box trocken, Roséwein 2025",DUMM,bag_in_box,Bag-in-Box,3.0,1,False,11.99,EUR,gross,0.0,11.99,4.0,4.0,3.0,4.0,,False,True,still,rose,trocken,,2025,Frankreich,,,Kategorien/Weinwelt/Weinart/Roséwein,bag in box,https://www.lidl.de/p/mediterranee-rose-igp-3-l-bag-in-box-trocken-rosewein-2025/p100337413,https://www.lidl.de/assets/gcpc1d202992aa4404884969bb499305cea.jpg,2026-08-14T14:35:22.522689+00:00
lidl,Lidl,discounter,100396913,"Vino Blanco Airén 3-l-Bag-in-Box halbtrocken, Weißwein 2025",DUMM,bag_in_box,Bag-in-Box,3.0,1,False,4.99,EUR,gross,0.0,4.99,1.66,1.66,1.24,1.66,,False,True,still,weiss,halbtrocken,,2025,Spanien,,Airén,Kategorien/Weinwelt/Weinart/Rotwein,bag in box,https://www.lidl.de/p/vino-blanco-airen-3-l-bag-in-box-halbtrocken-weisswein-2025/p100396913,https://www.lidl.de/assets/gcp2841b93347a74d81b0b0a733f4c7b8d8.jpg,2026-08-14T14:35:22.523176+00:00
lidl,Lidl,discounter,100389306,"GIULIO PASOTTI Pinot Grigio delle Venezie DOC 3-l-Bag-in-Box trocken, Weißwein 2025",PASO,bag_in_box,Bag-in-Box,3.0,1,False,8.49,EUR,gross,0.0,8.49,2.83,2.83,2.12,2.83,,False,True,still,weiss,trocken,,2025,Italien,Venetien,Pinot Grigio,Kategorien/Weinwelt/Weinart/Weißwein,bag in box,https://www.lidl.de/p/giulio-pasotti-pinot-grigio-delle-venezie-doc-3-l-bag-in-box-trocken-weisswein-2025/p100389306,https://www.lidl.de/assets/gcpefb0d914a0bb4635876e16ea35136c25.jpg,2026-08-14T14:35:22.523709+00:00
lidl,Lidl,discounter,100388896,"Grand Sud Chardonnay 3,0-l-Bag-in-Box trocken, Weißwein",DUMY,bag_in_box,Bag-in-Box,3.0,1,False,12.95,EUR,gross,0.0,12.95,4.32,4.32,3.24,4.32,,False,True,still,weiss,trocken,,,Frankreich,,Chardonnay,Kategorien/Weinwelt/Weinart/Weißwein,bag in box,https://www.lidl.de/p/grand-sud-chardonnay-3-0-l-bag-in-box-trocken-weisswein/p100388896,https://www.lidl.de/assets/gcp02179fcc629c40bd9dcbd74bdda780a5.jpg,2026-08-14T14:35:22.524164+00:00
lidl,Lidl,discounter,100310894,"ALMOCREVE Alentejano Vinho Regional 3-l-Bag-in-Box trocken vegan, Rotwein 2023",ALMC,bag_in_box,Bag-in-Box,3.0,1,False,11.99,EUR,gross,0.0,11.99,4.0,4.0,3.0,4.0,,False,True,still,rot,trocken,,2023,Portugal,Alentejano,,Kategorien/Weinwelt/Weinart/Rotwein,bag in box,https://www.lidl.de/p/almocreve-alentejano-vinho-regional-3-l-bag-in-box-trocken-vegan-rotwein-2023/p100310894,https://www.lidl.de/assets/cfe573c309f65c4840f70e1c6be37e80.jpeg,2026-08-14T14:35:22.524711+00:00
lidl,Lidl,discounter,100407549,"MAYBACH Grauer Burgunder 3-l-Bag-in-Box trocken, Weißwein 2025",MACH,bag_in_box,Bag-in-Box,3.0,1,False,11.49,EUR,gross,0.0,11.49,3.83,3.83,2.87,3.83,,False,True,still,weiss,trocken,,2025,Deutschland,Pfalz,,Kategorien/Weinwelt/Weinart/Weißwein,bag in box,https://www.lidl.de/p/maybach-grauer-burgunder-3-l-bag-in-box-trocken-weisswein-2025/p100407549,https://www.lidl.de/assets/gcp50d16bca28ba4854ac37b2e0dbc023cc.jpg,2026-08-14T14:35:22.525233+00:00
lidl,Lidl,discounter,100407539,"BREE Riesling 3-l-Bag-in-Box feinherb, Weißwein 2025",BREE,bag_in_box,Bag-in-Box,3.0,1,False,11.99,EUR,gross,0.0,11.99,4.0,4.0,3.0,4.0,,False,True,still,weiss,halbtrocken,,2025,Deutschland,Pfalz,Riesling,Kategorien/Weinwelt/Weinart/Weißwein,bag in box,https://www.lidl.de/p/bree-riesling-3-l-bag-in-box-feinherb-weisswein-2025/p100407539,https://www.lidl.de/assets/gcp17e14876201846fcb50e559286cea958.jpg,2026-08-14T14:35:22.525630+00:00
lidl,Lidl,discounter,100384322,"Primitivo Puglia IGT trocken 3-l-Bag-in-Box, Rotwein",DUMM,bag_in_box,Bag-in-Box,3.0,1,False,7.49,EUR,gross,0.0,7.49,2.5,2.5,1.88,2.5,,False,True,still,rot,trocken,,,Italien,Apulien,Primitivo,Kategorien/Weinwelt/Weinart/Rotwein,bag in box,https://www.lidl.de/p/primitivo-puglia-igt-trocken-3-l-bag-in-box-rotwein/p100384322,https://www.lidl.de/assets/gcp15b922d6b7824e648f7af5910b696799.jpg,2026-08-14T14:35:22.526002+00:00
lidl,Lidl,discounter,100407548,"BREE Pinot Noir Rosé 3-l-Bag-in-Box feinherb, Roséwein 2025",BREE,bag_in_box,Bag-in-Box,3.0,1,False,12.99,EUR,gross,0.0,12.99,4.33,4.33,3.25,4.33,,False,True,still,rose,halbtrocken,,2025,Deutschland,Baden,Pinot Noir,Kategorien/Weinwelt/Weinart/Roséwein,bag in box,https://www.lidl.de/p/bree-pinot-noir-rose-3-l-bag-in-box-feinherb-rosewein-2025/p100407548,https://www.lidl.de/assets/gcpb05e325e116048bfbd07bdd47c74d105.jpg,2026-08-14T14:35:22.526508+00:00
lidl,Lidl,discounter,100393423,"CIMAROSA Sauvignon Blanc Marlborough 3-l-Bag-in-Box trocken, Weißwein 2025",CIMA,bag_in_box,Bag-in-Box,3.0,1,False,17.99,EUR,gross,0.0,17.99,6.0,6.0,4.5,6.0,,False,True,still,weiss,trocken,,2025,Neuseeland,,Sauvignon Blanc,Kategorien/Weinwelt/Weinart/Weißwein,bag in box,https://www.lidl.de/p/cimarosa-sauvignon-blanc-marlborough-3-l-bag-in-box-trocken-weisswein-2025/p100393423,https://www.lidl.de/assets/gcp7722e6f3907a4dff8c9b3807709847a3.jpg,2026-08-14T14:35:22.526905+00:00
lidl,Lidl,discounter,100392385,"CIMAROSA Chenin Blanc Western Cape 3-l-Bag-in-Box trocken, Weißwein 2025",CIMA,bag_in_box,Bag-in-Box,3.0,1,False,11.99,EUR,gross,0.0,11.99,4.0,4.0,3.0,4.0,,False,True,still,weiss,trocken,,2025,Südafrika,,Chenin Blanc,Kategorien/Weinwelt/Weinart/Rotwein,bag in box,https://www.lidl.de/p/cimarosa-chenin-blanc-western-cape-3-l-bag-in-box-trocken-weisswein-2025/p100392385,https://www.lidl.de/assets/gcpea2e0a40db3746bda43d729a213dab51.jpg,2026-08-14T14:35:22.527439+00:00
lidl,Lidl,discounter,100393189,"KÄFER Pinot Grigio delle Venezie DOP 3-l-Bag-in-Box trocken, Weißwein 2025",KÄFE,bag_in_box,Bag-in-Box,3.0,1,False,12.99,EUR,gross,0.0,12.99,4.33,4.33,3.25,4.33,,False,True,still,weiss,trocken,,2025,Italien,Venetien,Pinot Grigio,Kategorien/Weinwelt/Weinart/Weißwein,bag in box,https://www.lidl.de/p/kaefer-pinot-grigio-delle-venezie-dop-3-l-bag-in-box-trocken-weisswein-2025/p100393189,https://www.lidl.de/assets/gcp035423653def464c97d8ad27d61ae96f.jpg,2026-08-14T14:35:22.527965+00:00
lidl,Lidl,discounter,100393610,"MARKGRÄFLER WINZER Gutedel QbA trocken 3-l-Bag-in-Box, Weißwein 2024",MGW,bag_in_box,Bag-in-Box,3.0,1,False,13.99,EUR,gross,0.0,13.99,4.66,4.66,3.5,4.66,,False,True,still,weiss,trocken,,2024,Deutschland,Baden,Gutedel,Kategorien/Weinwelt/Weinart/Rotwein,bag in box,https://www.lidl.de/p/markgraefler-winzer-gutedel-qba-trocken-3-l-bag-in-box-weisswein-2024/p100393610,https://www.lidl.de/assets/gcpbe836c4a3d934e3998ccd8f4eeb25b40.jpg,2026-08-14T14:35:22.528445+00:00
lidl,Lidl,discounter,100407511,"MAYBACH Weisser Burgunder 3-l-Bag-in-Box trocken, Weißwein 2025",MACH,bag_in_box,Bag-in-Box,3.0,1,False,11.49,EUR,gross,0.0,11.49,3.83,3.83,2.87,3.83,,False,True,still,weiss,trocken,,2025,Deutschland,Mosel,,Kategorien/Weinwelt/Weinart/Weißwein,bag in box,https://www.lidl.de/p/maybach-weisser-burgunder-3-l-bag-in-box-trocken-weisswein-2025/p100407511,https://www.lidl.de/assets/gcp3b91132b7d5e466f8802518ff23fa1ab.jpg,2026-08-14T14:35:22.529789+00:00
lidl,Lidl,discounter,100407532,"MERTES Liebfraumilch 3-l-Bag-in-Box lieblich, Weißwein 2025",MERS,bag_in_box,Bag-in-Box,3.0,1,False,8.99,EUR,gross,0.0,8.99,3.0,3.0,2.25,3.0,,False,True,still,weiss,lieblich,,2025,Deutschland,Rheinhessen,,Kategorien/Weinwelt/Weinart/Zwischenerzeugnis Weiß,bag in box,https://www.lidl.de/p/mertes-liebfraumilch-3-l-bag-in-box-lieblich-weisswein-2025/p100407532,https://www.lidl.de/assets/gcp1518e301f7734176913ae8bb06543c47.jpg,2026-08-14T14:35:22.530746+00:00
lidl,Lidl,discounter,100407009,"Holiday Mood Pouch IGP Pays D'Oc rosé trocken, Roséwein 2025",DUMM,bag_in_box,Bag-in-Box,1.5,1,False,9.99,EUR,gross,0.0,9.99,6.66,6.66,5.0,6.66,,False,True,still,rose,trocken,,2025,Frankreich,,,Kategorien/Weinwelt/Weinart/Roséwein,"beutel, zapfhahn",https://www.lidl.de/p/holiday-mood-pouch-igp-pays-d-oc-rose-trocken-rosewein-2025/p100407009,https://www.lidl.de/assets/gcp053bccb082924765be5a121d234670c5.jpg,2026-08-14T14:35:22.584649+00:00
metro,METRO Deutschland,cash_and_carry,BTY-X3191220032,Claus Jacob Grauburgunder Qualitätswein Weißwein trocken - 5 l Bag-in-Box,CLAUS JACOB,bag_in_box,Bag-in-Box,5.0,1,False,16.79,EUR,net,0.0,16.79,3.36,3.36,2.52,,,False,,still,weiss,trocken,,,Deutschland,Pfalz,Grauburgunder,Food / Wein / Weißwein / Weißwein Deutschland / Weißwein Pfalz,bag in box,https://produkte.metro.de/shop/pv/BTY-X319122,https://cdn.metro-group.com/de/de_pim_319080001001_01.png?format=jpg&quality=80&dpi=72,2026-08-14T14:35:23.297841+00:00
metro,METRO Deutschland,cash_and_carry,BTY-X3936210032,La Sastreria Tinto Rotwein BIB - 5 l Bag-In-Box,LA SASTRERIA,bag_in_box,Bag-in-Box,5.0,1,False,16.79,EUR,net,0.0,16.79,3.36,3.36,2.52,,,False,,still,rose,,,,Spanien,,Garnacha,Food / Wein / Rotwein / Rotwein Spanien / Rotwein Aragon,"bag in box, bib",https://produkte.metro.de/shop/pv/BTY-X393621,https://cdn.metro-group.com/de/de_pim_393579001001_02.png?format=jpg&quality=80&dpi=72,2026-08-14T14:35:23.298857+00:00
metro,METRO Deutschland,cash_and_carry,BTY-X2153870032,Cerro de La Cruz Rotwein trocken - 10 l Bag-in-Box,CERRO DE LA CRUZ,bag_in_box,Bag-in-Box,10.0,1,False,14.19,EUR,net,0.0,14.19,1.42,1.42,1.06,,,False,,still,rot,trocken,,,,,,Food / Wein / Rotwein,bag in box,https://produkte.metro.de/shop/pv/BTY-X215387,https://cdn.metro-group.com/de/de_pim_215345001001_01.png?format=jpg&quality=80&dpi=72,2026-08-14T14:35:23.300030+00:00
metro,METRO Deutschland,cash_and_carry,BTY-X3257540032,"Soprano Primitivo Bag in Box Rotwein trocken - 5,00 l Packung",SOPRANO,bag_in_box,Bag-in-Box,5.0,1,False,15.99,EUR,net,0.0,15.99,3.2,3.2,2.4,,,False,,still,rot,trocken,,,,,Primitivo,Food / Wein / Rotwein,bag in box,https://produkte.metro.de/shop/pv/BTY-X325754,https://cdn.metro-group.com/de/de_pim_325712001001_01.png?format=jpg&quality=80&dpi=72,2026-08-14T14:35:23.300555+00:00
metro,METRO Deutschland,cash_and_carry,BTY-X3936200032,La Sastreria Garnacha Blanca BIB Weißwein trocken - 5 l Bag-In-Box,LA SASTRERIA,bag_in_box,Bag-in-Box,5.0,1,False,16.79,EUR,net,0.0,16.79,3.36,3.36,2.52,,,False,,still,rose,trocken,,,Spanien,,Garnacha,Food / Wein / Weißwein,"bag in box, bib",https://produkte.metro.de/shop/pv/BTY-X393620,https://cdn.metro-group.com/de/de_pim_393578001001_04.png?format=jpg&quality=80&dpi=72,2026-08-14T14:35:23.301309+00:00
metro,METRO Deutschland,cash_and_carry,BTY-X2153910032,Cerro de La Cruz De La Cruz Weißwein trocken - 10 l Bag-in-Box,CERRO DE LA CRUZ,bag_in_box,Bag-in-Box,10.0,1,False,14.19,EUR,net,0.0,14.19,1.42,1.42,1.06,,,False,,still,weiss,trocken,,,,,,Food / Wein / Weißwein,bag in box,https://produkte.metro.de/shop/pv/BTY-X215391,https://cdn.metro-group.com/de/de_pim_215349001001_03.png?format=jpg&quality=80&dpi=72,2026-08-14T14:35:23.302288+00:00
metro,METRO Deutschland,cash_and_carry,BTY-X1703000032,I Muri Primitivo Puglia Rotwein IGP italienischer Landwein - 5 l Bag-In-Box,I MURI,bag_in_box,Bag-in-Box,5.0,1,False,22.69,EUR,net,0.0,22.69,4.54,4.54,3.41,,,False,,still,rot,,,,Italien,Puglia,Primitivo,Food / Wein / Rotwein / Rotwein Italien,bag in box,https://produkte.metro.de/shop/pv/BTY-X170300,https://cdn.metro-group.com/de/de_pim_170258001001_01.png?format=jpg&quality=80&dpi=72,2026-08-14T14:35:23.302916+00:00
metro,METRO Deutschland,cash_and_carry,BTY-X709040032,Beau de France Bag in Box Merlot Rotwein - 5 l Packung,BEAU DE FRANCE,bag_in_box,Bag-in-Box,5.0,1,False,13.99,EUR,net,0.0,13.99,2.8,2.8,2.1,,,False,,still,rot,,,,Frankreich,,Merlot,Food / Wein / Rotwein,bag in box,https://produkte.metro.de/shop/pv/BTY-X70904,https://cdn.metro-group.com/de/de_pim_70862001001_01.png?format=jpg&quality=80&dpi=72,2026-08-14T14:35:23.303686+00:00
metro,METRO Deutschland,cash_and_carry,BTY-X3921010032,Batuta Macabeo & Sauvignon Blanc Bag-in-Box Weißwein trocken - 5 l Packung,BATUTA,bag_in_box,Bag-in-Box,5.0,1,False,11.99,EUR,net,0.0,11.99,2.4,2.4,1.8,,,False,,still,weiss,trocken,,,,,Sauvignon Blanc,Food / Wein / Weißwein,bag in box,https://produkte.metro.de/shop/pv/BTY-X392101,https://cdn.metro-group.com/de/de_pim_392059001001_01.png?format=jpg&quality=80&dpi=72,2026-08-14T14:35:23.304082+00:00
metro,METRO Deutschland,cash_and_carry,BTY-X3907840032,Maybach QbA Riesling Bag-in-Box Weißwein trocken - 3 l Box,MAYBACH,bag_in_box,Bag-in-Box,3.0,1,False,8.99,EUR,net,0.0,8.99,3.0,3.0,2.25,,,False,,still,weiss,trocken,,,,,Riesling,Food / Wein / Weißwein / Weißwein Deutschland / Weißwein Pfalz,bag in box,https://produkte.metro.de/shop/pv/BTY-X390784,https://cdn.metro-group.com/de/de_pim_390742001001_04.png?format=jpg&quality=80&dpi=72,2026-08-14T14:35:23.304837+00:00
metro,METRO Deutschland,cash_and_carry,BTY-X708910032,"Ca' Ernesto Bag In Box Pinot Grigio Delle Venezie IGT Weißwein trocken - 5,00 l Packung",CA' ERNESTO,bag_in_box,Bag-in-Box,5.0,1,False,17.59,EUR,net,0.0,17.59,3.52,3.52,2.64,,,False,,still,weiss,trocken,,,,,Pinot Grigio,Food / Wein / Weißwein,bag in box,https://produkte.metro.de/shop/pv/BTY-X70891,https://cdn.metro-group.com/de/de_pim_70849001001_03.png?format=jpg&quality=80&dpi=72,2026-08-14T14:35:23.305540+00:00
metro,METRO Deutschland,cash_and_carry,BTY-X2278890032,Hüttenglut Glühwein BIB - 10 l Box,HÜTTENGLUT,bag_in_box,Bag-in-Box,10.0,1,False,12.29,EUR,net,0.0,12.29,1.23,1.23,0.92,,,False,,gluehwein,,,,,,,,Food / Wein / Rotwein / Rotwein Deutschland,"bag in box, bib",https://produkte.metro.de/shop/pv/BTY-X227889,https://cdn.metro-group.com/de/de_pim_227847001001_01.png?format=jpg&quality=80&dpi=72,2026-08-14T14:35:23.306192+00:00
metro,METRO Deutschland,cash_and_carry,BTY-X709200032,Beau de France Chardonnay Weißwein trocken BIB - 5 l Packung,BEAU DE FRANCE,bag_in_box,Bag-in-Box,5.0,1,False,13.99,EUR,net,0.0,13.99,2.8,2.8,2.1,,,False,,still,weiss,trocken,,,Frankreich,,Chardonnay,Food / Wein / Weißwein,"bag in box, bib",https://produkte.metro.de/shop/pv/BTY-X70920,https://cdn.metro-group.com/de/de_pim_70878001001_01.png?format=jpg&quality=80&dpi=72,2026-08-14T14:35:23.307321+00:00
metro,METRO Deutschland,cash_and_carry,BTY-X3712240032,"Casalina Di Siziano Grillo Scilia DOC BIB Weißwein trocken - 5,00 l Packung",CASALINA DI SIZIANO,bag_in_box,Bag-in-Box,5.0,1,False,11.99,EUR,net,0.0,11.99,2.4,2.4,1.8,,,False,,still,weiss,trocken,,,,,,Food / Wein / Weißwein,bib,https://produkte.metro.de/shop/pv/BTY-X371224,https://cdn.metro-group.com/de/de_pim_371182001001_03.png?format=jpg&quality=80&dpi=72,2026-08-14T14:35:23.307853+00:00
metro,METRO Deutschland,cash_and_carry,BTY-X3159630032,Primo Primitivo Rotwein - 5 l Packung,PRIMO,bag_in_box,Bag-in-Box,5.0,1,False,26.99,EUR,net,0.0,26.99,5.4,5.4,4.05,,,False,,still,rot,,,,Italien,Apulien,Primitivo,Food / Wein / Rotwein,"bag in box, bib",https://produkte.metro.de/shop/pv/BTY-X315963,https://cdn.metro-group.com/de/de_pim_315921001001_01.png?format=jpg&quality=80&dpi=72,2026-08-14T14:35:23.308465+00:00
metro,METRO Deutschland,cash_and_carry,BTY-X3710180032,"Casalina Di Siziano Nero D`Avola Rosato DOC BIB Roséwein trocken - 5,00 l Packung",CASALINA DI SIZIANO,bag_in_box,Bag-in-Box,5.0,1,False,11.99,EUR,net,0.0,11.99,2.4,2.4,1.8,,,False,,still,rose,trocken,,,,,,Food / Wein / Roséwein / Roséwein Italien / Roséwein Sizilien,"bag in box, bib",https://produkte.metro.de/shop/pv/BTY-X371018,https://cdn.metro-group.com/de/de_pim_370976001001_01.png?format=jpg&quality=80&dpi=72,2026-08-14T14:35:23.309158+00:00
metro,METRO Deutschland,cash_and_carry,BTY-X3616380032,Grand Sud Merlot Bag in Box - 5 l BIB,GRAND SUD,bag_in_box,Bag-in-Box,5.0,1,False,15.99,EUR,net,0.0,15.99,3.2,3.2,2.4,,,False,,still,rot,,,,,,Merlot,Food / Wein / Rotwein,"bag in box, bib",https://produkte.metro.de/shop/pv/BTY-X361638,https://cdn.metro-group.com/de/de_pim_361596001001_01.png?format=jpg&quality=80&dpi=72,2026-08-14T14:35:23.309747+00:00
metro,METRO Deutschland,cash_and_carry,BTY-X3159590032,Il Passo Puglia Primitivo Rotwein trocken - 5 l Packung,IL PASSO,bag_in_box,Bag-in-Box,5.0,1,False,24.99,EUR,net,0.0,24.99,5.0,5.0,3.75,,,False,,still,rot,trocken,,,Italien,Apulien,Primitivo,Food / Wein / Rotwein,"bag in box, bib",https://produkte.metro.de/shop/pv/BTY-X315959,https://cdn.metro-group.com/de/de_pim_315917001001_01.png?format=jpg&quality=80&dpi=72,2026-08-14T14:35:23.310344+00:00
metro,METRO Deutschland,cash_and_carry,BTY-X3905930032,Il Passo Rosato Rosewein BIB - 5 l Packung,IL PASSO,bag_in_box,Bag-in-Box,5.0,1,False,24.99,EUR,net,0.0,24.99,5.0,5.0,3.75,,,False,,still,rose,,,,Italien,Apulien,,Food / Wein / Roséwein,bib,https://produkte.metro.de/shop/pv/BTY-X390593,https://cdn.metro-group.com/de/de_pim_390551001001_01.png?format=jpg&quality=80&dpi=72,2026-08-14T14:35:23.311220+00:00
metro,METRO Deutschland,cash_and_carry,BTY-X3010150032,Sassopiano Montepulciano d ' Abruzzo Rotwein trocken - 1 x 5 l Packung,SASSOPIANO,bag_in_box,Bag-in-Box,5.0,1,False,19.99,EUR,net,0.0,19.99,4.0,4.0,3.0,,,False,,still,rot,trocken,,,Italien,,Montepulciano,Food / Wein / Rotwein,bag in box,https://produkte.metro.de/shop/pv/BTY-X301015,https://cdn.metro-group.com/de/de_pim_300973001001_01.png?format=jpg&quality=80&dpi=72,2026-08-14T14:35:23.311885+00:00
schaepers,Wein Schäpers,fachhandel,https://wein-schaepers.de/andes-cabernet-sauvignon-trocken-bag-in-box-3-0l,"Andes Cabernet Sauvignon, trocken, 2024, Bag-in-Box, 3,0l",,bag_in_box,Bag-in-Box,3.0,1,False,9.49,EUR,gross,0.0,9.49,3.16,3.16,2.37,3.16,,False,,still,rot,trocken,,2024,Chile,,Cabernet Sauvignon,bag-in-box,bag in box,https://wein-schaepers.de/andes-cabernet-sauvignon-trocken-bag-in-box-3-0l,,2026-08-14T14:35:23.339830+00:00
schaepers,Wein Schäpers,fachhandel,https://wein-schaepers.de/bree-chardonnay-halbtrocken-bag-in-box-3-0l,"Bree Chardonnay IGP, halbtrocken, 2025, Bag-in-Box, 3,0l",,bag_in_box,Bag-in-Box,3.0,1,False,10.92,EUR,gross,0.0,10.92,3.64,3.64,2.73,3.64,,False,,still,weiss,halbtrocken,,2025,,,Chardonnay,bag-in-box,bag in box,https://wein-schaepers.de/bree-chardonnay-halbtrocken-bag-in-box-3-0l,,2026-08-14T14:35:23.341232+00:00
schaepers,Wein Schäpers,fachhandel,https://wein-schaepers.de/bree-pinot-noir-rose-qba-feinherb-bag-in-box-3-0l,"Bree Pinot Noir Rosé QbA, feinherb, 2025, Bag-in-Box, 3,0l",,bag_in_box,Bag-in-Box,3.0,1,False,10.92,EUR,gross,0.0,10.92,3.64,3.64,2.73,3.64,,False,,still,rose,halbtrocken,,2025,,,Pinot Noir,bag-in-box,bag in box,https://wein-schaepers.de/bree-pinot-noir-rose-qba-feinherb-bag-in-box-3-0l,,2026-08-14T14:35:23.342575+00:00
schaepers,Wein Schäpers,fachhandel,https://wein-schaepers.de/bree-riesling-qba-feinherb-bag-in-box-3-0l,"Bree Riesling QbA, feinherb, 2025, Bag-in-Box, 3,0l",,bag_in_box,Bag-in-Box,3.0,1,False,10.92,EUR,gross,0.0,10.92,3.64,3.64,2.73,3.64,,False,,still,weiss,halbtrocken,,2025,,,Riesling,bag-in-box,bag in box,https://wein-schaepers.de/bree-riesling-qba-feinherb-bag-in-box-3-0l,,2026-08-14T14:35:23.343874+00:00
schaepers,Wein Schäpers,fachhandel,https://wein-schaepers.de/entrecote-merlot-cabernet-syrah-halbtrocken-bag-in-box-3-0l,"Entrecôte Merlot Cabernet Syrah, halbtrocken, 2024, Bag-in-Box, 3,0l",,bag_in_box,Bag-in-Box,3.0,1,False,17.09,EUR,gross,0.0,17.09,5.7,5.7,4.28,5.7,,False,,still,rot,halbtrocken,,2024,,,"Merlot, Syrah",bag-in-box,bag in box,https://wein-schaepers.de/entrecote-merlot-cabernet-syrah-halbtrocken-bag-in-box-3-0l,,2026-08-14T14:35:23.345464+00:00
schaepers,Wein Schäpers,fachhandel,https://wein-schaepers.de/grand-sud-chardonnay-trocken-2024-bag-in-box-3-0l,"Grand Sud Chardonnay, trocken, 2024, Bag-in-Box, 3,0l",,bag_in_box,Bag-in-Box,3.0,1,False,13.29,EUR,gross,0.0,13.29,4.43,4.43,3.32,4.43,,False,,still,weiss,trocken,,2024,,,Chardonnay,bag-in-box,bag in box,https://wein-schaepers.de/grand-sud-chardonnay-trocken-2024-bag-in-box-3-0l,,2026-08-14T14:35:23.346864+00:00
schaepers,Wein Schäpers,fachhandel,https://wein-schaepers.de/grand-sud-merlot-rose-trocken-bag-in-box-3-0l,"Grand Sud Merlot Rosé, trocken, 2024, Bag-in-Box, 3,0l",,bag_in_box,Bag-in-Box,3.0,1,False,13.29,EUR,gross,0.0,13.29,4.43,4.43,3.32,4.43,,False,,still,rose,trocken,,2024,Frankreich,,Merlot,bag-in-box,bag in box,https://wein-schaepers.de/grand-sud-merlot-rose-trocken-bag-in-box-3-0l,,2026-08-14T14:35:23.348148+00:00
schaepers,Wein Schäpers,fachhandel,https://wein-schaepers.de/grand-sud-merlot-trocken-2024-bag-in-box-3-0l,"Grand Sud Merlot, trocken, 2024, Bag-in-Box, 3,0l",,bag_in_box,Bag-in-Box,3.0,1,False,13.29,EUR,gross,0.0,13.29,4.43,4.43,3.32,4.43,,False,,still,rot,trocken,,2024,Frankreich,,Merlot,bag-in-box,bag in box,https://wein-schaepers.de/grand-sud-merlot-trocken-2024-bag-in-box-3-0l,,2026-08-14T14:35:23.349234+00:00
schaepers,Wein Schäpers,fachhandel,https://wein-schaepers.de/grill-box-airen-sauvignon-blanc-trocken-3-liter-bag-in-box,"Grill Box Airen Sauvignon Blanc, trocken, 3 Liter Bag-in-Box",,bag_in_box,Bag-in-Box,3.0,1,False,8.54,EUR,gross,0.0,8.54,2.85,2.85,2.14,2.85,,False,,still,weiss,halbtrocken,,,,,"Airén, Sauvignon Blanc",bag-in-box,bag in box,https://wein-schaepers.de/grill-box-airen-sauvignon-blanc-trocken-3-liter-bag-in-box,,2026-08-14T14:35:23.350262+00:00
schaepers,Wein Schäpers,fachhandel,https://wein-schaepers.de/grill-box-cabernet-sauvignon-trocken-3-liter-bag-in-box,"Grill Box Cabernet Sauvignon, trocken, 3 Liter Bag-in-Box",,bag_in_box,Bag-in-Box,3.0,1,False,8.54,EUR,gross,0.0,8.54,2.85,2.85,2.14,2.85,,False,,still,rot,trocken,,,Chile,,Cabernet Sauvignon,bag-in-box,bag in box,https://wein-schaepers.de/grill-box-cabernet-sauvignon-trocken-3-liter-bag-in-box,,2026-08-14T14:35:23.351534+00:00
schaepers,Wein Schäpers,fachhandel,https://wein-schaepers.de/hans-baer-chardonnay-qba-trocken-bag-in-box-3-0l,"Hans Baer Chardonnay QbA, trocken, 2024, Bag-in-Box, 3,0l",,bag_in_box,Bag-in-Box,3.0,1,False,15.19,EUR,gross,0.0,15.19,5.06,5.06,3.79,5.06,,False,,still,weiss,trocken,,2024,Deutschland,Rheinhessen,Chardonnay,bag-in-box,bag in box,https://wein-schaepers.de/hans-baer-chardonnay-qba-trocken-bag-in-box-3-0l,,2026-08-14T14:35:23.352722+00:00
schaepers,Wein Schäpers,fachhandel,https://wein-schaepers.de/hans-baer-pinot-noir-qba-trocken-bag-in-box-3-0l,"Hans Baer Pinot Noir QbA, trocken, 2024, Bag-in-Box, 3,0l",,bag_in_box,Bag-in-Box,3.0,1,False,15.19,EUR,gross,0.0,15.19,5.06,5.06,3.79,5.06,,False,,still,rot,trocken,,2024,Deutschland,Rheinhessen,Pinot Noir,bag-in-box,bag in box,https://wein-schaepers.de/hans-baer-pinot-noir-qba-trocken-bag-in-box-3-0l,,2026-08-14T14:35:23.353754+00:00
schaepers,Wein Schäpers,fachhandel,https://wein-schaepers.de/hans-baer-riesling-qba-trocken-bag-in-box-3-0l,"Hans Baer Riesling QbA, trocken, 2024, Bag-in-Box, 3,0l",,bag_in_box,Bag-in-Box,3.0,1,False,15.19,EUR,gross,0.0,15.19,5.06,5.06,3.79,5.06,,False,,still,weiss,trocken,,2024,Deutschland,,Riesling,bag-in-box,bag in box,https://wein-schaepers.de/hans-baer-riesling-qba-trocken-bag-in-box-3-0l,,2026-08-14T14:35:23.354745+00:00
schaepers,Wein Schäpers,fachhandel,https://wein-schaepers.de/hans-baer-weissburgunder-qba-trocken-bag-in-box-3-0l,"Hans Baer Weissburgunder QbA, trocken, 2024, Bag-in-Box, 3,0l",,bag_in_box,Bag-in-Box,3.0,1,False,15.19,EUR,gross,0.0,15.19,5.06,5.06,3.79,5.06,,False,,still,weiss,trocken,,2024,,,Weißburgunder,bag-in-box,bag in box,https://wein-schaepers.de/hans-baer-weissburgunder-qba-trocken-bag-in-box-3-0l,,2026-08-14T14:35:23.355759+00:00
schaepers,Wein Schäpers,fachhandel,https://wein-schaepers.de/hauswein-rose-halbtrocken-bag-in-box-3-0l,"Hauswein Rosé, halbtrocken, Bag-in-Box, 3,0l",,bag_in_box,Bag-in-Box,3.0,1,False,7.12,EUR,gross,0.0,7.12,2.37,2.37,1.78,2.37,,False,,still,rose,halbtrocken,,,Spanien,,,bag-in-box,"bag in box, pet",https://wein-schaepers.de/hauswein-rose-halbtrocken-bag-in-box-3-0l,,2026-08-14T14:35:23.357104+00:00
schaepers,Wein Schäpers,fachhandel,https://wein-schaepers.de/hauswein-rot-halbtrocken-bag-in-box-3-0l,"Hauswein Rot, halbtrocken, Bag-in-Box, 3,0l",,bag_in_box,Bag-in-Box,3.0,1,False,7.12,EUR,gross,0.0,7.12,2.37,2.37,1.78,2.37,,False,,still,,halbtrocken,,,,,,bag-in-box,bag in box,https://wein-schaepers.de/hauswein-rot-halbtrocken-bag-in-box-3-0l,,2026-08-14T14:35:23.358067+00:00
schaepers,Wein Schäpers,fachhandel,https://wein-schaepers.de/hauswein-weiss-halbtrocken-bag-in-box-3-0l,"Hauswein Weiß, halbtrocken, Bag-in-Box, 3,0l",,bag_in_box,Bag-in-Box,3.0,1,False,7.12,EUR,gross,0.0,7.12,2.37,2.37,1.78,2.37,,False,,still,weiss,halbtrocken,,,,,,bag-in-box,bag in box,https://wein-schaepers.de/hauswein-weiss-halbtrocken-bag-in-box-3-0l,,2026-08-14T14:35:23.359278+00:00
schaepers,Wein Schäpers,fachhandel,https://wein-schaepers.de/kaefer-pinot-grigio-doc-trocken-2024-bag-in-box-3-0l,"Käfer Pinot Grigio DOC, trocken, 2024, Bag-in-Box, 3,0l",,bag_in_box,Bag-in-Box,3.0,1,False,11.39,EUR,gross,0.0,11.39,3.8,3.8,2.85,3.8,,False,,still,,trocken,,2024,Italien,Venetien,Pinot Grigio,bag-in-box,bag in box,https://wein-schaepers.de/kaefer-pinot-grigio-doc-trocken-2024-bag-in-box-3-0l,,2026-08-14T14:35:23.360510+00:00
schaepers,Wein Schäpers,fachhandel,https://wein-schaepers.de/le-sweet-filou-rouge-lieblich-bag-in-box-3-0l,"Le Sweet Filou Rouge, lieblich, Bag-in-Box, 3,0l",,bag_in_box,Bag-in-Box,3.0,1,False,14.24,EUR,gross,0.0,14.24,4.75,4.75,3.56,4.75,,False,,still,rot,lieblich,,,,,,bag-in-box,bag in box,https://wein-schaepers.de/le-sweet-filou-rouge-lieblich-bag-in-box-3-0l,,2026-08-14T14:35:23.361712+00:00
schaepers,Wein Schäpers,fachhandel,https://wein-schaepers.de/le-vin-merlot-igp-trocken-bag-in-box-3-0l,"Le Vin Merlot IGP, trocken, 2024, Bag-in-Box, 3,0l",,bag_in_box,Bag-in-Box,3.0,1,False,9.49,EUR,gross,0.0,9.49,3.16,3.16,2.37,3.16,,False,,still,rot,trocken,,2024,,,Merlot,bag-in-box,bag in box,https://wein-schaepers.de/le-vin-merlot-igp-trocken-bag-in-box-3-0l,,2026-08-14T14:35:23.363083+00:00
schaepers,Wein Schäpers,fachhandel,https://wein-schaepers.de/le-vin-pinot-grigio-trocken-bag-in-box-3-0l,"Le Vin Pinot Grigio, trocken, 2024, Bag-in-Box, 3,0l",,bag_in_box,Bag-in-Box,3.0,1,False,9.49,EUR,gross,0.0,9.49,3.16,3.16,2.37,3.16,,False,,still,weiss,trocken,,2024,,,Pinot Grigio,bag-in-box,bag in box,https://wein-schaepers.de/le-vin-pinot-grigio-trocken-bag-in-box-3-0l,,2026-08-14T14:35:23.364672+00:00
schaepers,Wein Schäpers,fachhandel,https://wein-schaepers.de/maybach-chardonnay-qba-trocken-2024-bag-in-box-3-0l,"Maybach Chardonnay QbA, trocken, 2024, Bag-in-Box, 3,0l",,bag_in_box,Bag-in-Box,3.0,1,False,10.44,EUR,gross,0.0,10.44,3.48,3.48,2.61,3.48,,False,,still,weiss,trocken,,2024,,,Chardonnay,bag-in-box,bag in box,https://wein-schaepers.de/maybach-chardonnay-qba-trocken-2024-bag-in-box-3-0l,,2026-08-14T14:35:23.365981+00:00
schaepers,Wein Schäpers,fachhandel,https://wein-schaepers.de/maybach-grauer-burgunder-qba-trocken-2024-bag-in-box-3l,"Maybach Grauer Burgunder QbA, trocken, 2024, Bag-in-Box, 3L",,bag_in_box,Bag-in-Box,3.0,1,False,10.44,EUR,gross,0.0,10.44,3.48,3.48,2.61,,,False,,still,weiss,trocken,,2024,,,,bag-in-box,bag in box,https://wein-schaepers.de/maybach-grauer-burgunder-qba-trocken-2024-bag-in-box-3l,,2026-08-14T14:35:23.367275+00:00
schaepers,Wein Schäpers,fachhandel,https://wein-schaepers.de/maybach-riesling-qba-trocken-2024-bag-in-box-3-0l,"Maybach Riesling QbA, trocken, 2024, Bag-in-Box, 3,0l",,bag_in_box,Bag-in-Box,3.0,1,False,10.44,EUR,gross,0.0,10.44,3.48,3.48,2.61,3.48,,False,,still,weiss,trocken,,2024,,,Riesling,bag-in-box,bag in box,https://wein-schaepers.de/maybach-riesling-qba-trocken-2024-bag-in-box-3-0l,,2026-08-14T14:35:23.368548+00:00
schaepers,Wein Schäpers,fachhandel,https://wein-schaepers.de/maybach-sauvignon-blanc-feinherb-2024-bag-in-box-3-0l,"Maybach Sauvignon Blanc, feinherb, 2024, Bag-in-Box, 3,0L",,bag_in_box,Bag-in-Box,3.0,1,False,10.44,EUR,gross,0.0,10.44,3.48,3.48,2.61,3.48,,False,,still,weiss,halbtrocken,,2024,,,Sauvignon Blanc,bag-in-box,bag in box,https://wein-schaepers.de/maybach-sauvignon-blanc-feinherb-2024-bag-in-box-3-0l,,2026-08-14T14:35:23.369827+00:00
schaepers,Wein Schäpers,fachhandel,https://wein-schaepers.de/maybach-weisser-burgunder-qba-trocken-2024-bag-in-box-3-0l,"Maybach Weisser Burgunder QbA, trocken, 2024, Bag-in-Box, 3,0l",,bag_in_box,Bag-in-Box,3.0,1,False,10.44,EUR,gross,0.0,10.44,3.48,3.48,2.61,3.48,,False,,still,weiss,trocken,,2024,Deutschland,Pfalz,,bag-in-box,bag in box,https://wein-schaepers.de/maybach-weisser-burgunder-qba-trocken-2024-bag-in-box-3-0l,,2026-08-14T14:35:23.371050+00:00
schaepers,Wein Schäpers,fachhandel,https://wein-schaepers.de/monateo-chardonnay-trocken-bag-in-box-3-0l,"Monateo Chardonnay, trocken, 2025, Bag-in-Box, 3,0l",,bag_in_box,Bag-in-Box,3.0,1,False,9.49,EUR,gross,0.0,9.49,3.16,3.16,2.37,3.16,,False,,still,weiss,trocken,,2025,Frankreich,,Chardonnay,bag-in-box,bag in box,https://wein-schaepers.de/monateo-chardonnay-trocken-bag-in-box-3-0l,,2026-08-14T14:35:23.371996+00:00
schaepers,Wein Schäpers,fachhandel,https://wein-schaepers.de/monateo-chenin-blanc-trocken-2025-bag-in-box-3-0l,"Monateo Chenin Blanc, trocken, 2025, Bag-in-Box, 3,0l",,bag_in_box,Bag-in-Box,3.0,1,False,9.49,EUR,gross,0.0,9.49,3.16,3.16,2.37,3.16,,False,,still,weiss,trocken,,2025,,,Chenin Blanc,bag-in-box,bag in box,https://wein-schaepers.de/monateo-chenin-blanc-trocken-2025-bag-in-box-3-0l,,2026-08-14T14:35:23.373030+00:00
schaepers,Wein Schäpers,fachhandel,https://wein-schaepers.de/monateo-merlot-trocken-bag-in-box-3-0l,"Monateo Merlot, trocken, Bag-in-Box, 3,0l",,bag_in_box,Bag-in-Box,3.0,1,False,9.49,EUR,gross,0.0,9.49,3.16,3.16,2.37,3.16,,False,,still,rot,trocken,,,Spanien,,Merlot,bag-in-box,bag in box,https://wein-schaepers.de/monateo-merlot-trocken-bag-in-box-3-0l,,2026-08-14T14:35:23.374690+00:00
schaepers,Wein Schäpers,fachhandel,https://wein-schaepers.de/monateo-pinot-grigio-trocken-2024-bag-in-box-3-0l,"Monateo Pinot Grigio, trocken, 2024, Bag-in-Box, 3,0l",,bag_in_box,Bag-in-Box,3.0,1,False,9.49,EUR,gross,0.0,9.49,3.16,3.16,2.37,3.16,,False,,still,weiss,trocken,,2024,,,"Pinot Grigio, Trebbiano",bag-in-box,"bag in box, pet, zapfhahn",https://wein-schaepers.de/monateo-pinot-grigio-trocken-2024-bag-in-box-3-0l,,2026-08-14T14:35:23.375743+00:00
schaepers,Wein Schäpers,fachhandel,https://wein-schaepers.de/monateo-primitivo-puglia-rosato-trocken-bag-in-box-3-0l,"Monateo Primitivo Puglia Rosato, trocken, 2025, Bag-in-Box, 3,0l",,bag_in_box,Bag-in-Box,3.0,1,False,9.49,EUR,gross,0.0,9.49,3.16,3.16,2.37,3.16,,False,,still,rose,trocken,,2025,Italien,Apulien,Primitivo,bag-in-box,bag in box,https://wein-schaepers.de/monateo-primitivo-puglia-rosato-trocken-bag-in-box-3-0l,,2026-08-14T14:35:23.377133+00:00
schaepers,Wein Schäpers,fachhandel,https://wein-schaepers.de/monateo-primitivo-puglia-trocken-2025-bag-in-box-3-0l,"Monateo Primitivo Puglia, trocken, 2025, Bag-in-Box, 3,0l",,bag_in_box,Bag-in-Box,3.0,1,False,12.34,EUR,gross,0.0,12.34,4.11,4.11,3.08,4.11,,False,,still,rot,trocken,,2025,Italien,Apulien,Primitivo,bag-in-box,bag in box,https://wein-schaepers.de/monateo-primitivo-puglia-trocken-2025-bag-in-box-3-0l,,2026-08-14T14:35:23.378166+00:00
schaepers,Wein Schäpers,fachhandel,https://wein-schaepers.de/monateo-tempranillo-rose-trocken-bag-in-box-3-0l,"Monateo Tempranillo Rosè, trocken, 2025, Bag-in-Box, 3,0l",,bag_in_box,Bag-in-Box,3.0,1,False,9.49,EUR,gross,0.0,9.49,3.16,3.16,2.37,3.16,,False,,still,rose,trocken,,2025,Spanien,,Tempranillo,bag-in-box,bag in box,https://wein-schaepers.de/monateo-tempranillo-rose-trocken-bag-in-box-3-0l,,2026-08-14T14:35:23.379126+00:00
schaepers,Wein Schäpers,fachhandel,https://wein-schaepers.de/monateo-tempranillo-trocken-2023-bag-in-box-3-0l,"Monateo Tempranillo, trocken, 2023, Bag-in-Box, 3,0l",,bag_in_box,Bag-in-Box,3.0,1,False,9.49,EUR,gross,0.0,9.49,3.16,3.16,2.37,3.16,,False,,still,rot,trocken,,2023,Spanien,,Tempranillo,bag-in-box,bag in box,https://wein-schaepers.de/monateo-tempranillo-trocken-2023-bag-in-box-3-0l,,2026-08-14T14:35:23.380096+00:00
schaepers,Wein Schäpers,fachhandel,https://wein-schaepers.de/neon-cabernet-sauvignon-trocken-3-liter-bag-in-box,"Neon Cabernet Sauvignon, trocken, 3 Liter Bag-in-Box",,bag_in_box,Bag-in-Box,3.0,1,False,8.07,EUR,gross,0.0,8.07,2.69,2.69,2.02,2.69,,False,,still,rot,trocken,,,,,Cabernet Sauvignon,bag-in-box,bag in box,https://wein-schaepers.de/neon-cabernet-sauvignon-trocken-3-liter-bag-in-box,,2026-08-14T14:35:23.381146+00:00
schaepers,Wein Schäpers,fachhandel,https://wein-schaepers.de/neon-chardonnay-trocken-3-liter-bag-in-box,"Neon Chardonnay, trocken, 3 Liter Bag-in-Box",,bag_in_box,Bag-in-Box,3.0,1,False,8.07,EUR,gross,0.0,8.07,2.69,2.69,2.02,2.69,,False,,still,weiss,trocken,,,,,Chardonnay,bag-in-box,bag in box,https://wein-schaepers.de/neon-chardonnay-trocken-3-liter-bag-in-box,,2026-08-14T14:35:23.382423+00:00
schaepers,Wein Schäpers,fachhandel,https://wein-schaepers.de/neon-malbec-trocken-bag-in-box-3-liter,"Neon Malbec, trocken, Bag-in-Box, 3 Liter",,bag_in_box,Bag-in-Box,3.0,1,False,8.07,EUR,gross,0.0,8.07,2.69,2.69,2.02,2.69,,False,,still,rot,trocken,,,,,Malbec,bag-in-box,bag in box,https://wein-schaepers.de/neon-malbec-trocken-bag-in-box-3-liter,,2026-08-14T14:35:23.383615+00:00
schaepers,Wein Schäpers,fachhandel,https://wein-schaepers.de/neon-merlot-trocken-3-liter-bag-in-box,"Neon Merlot, trocken, 3 Liter Bag-in-Box",,bag_in_box,Bag-in-Box,3.0,1,False,8.07,EUR,gross,0.0,8.07,2.69,2.69,2.02,2.69,,False,,still,rot,trocken,,,,,Merlot,bag-in-box,bag in box,https://wein-schaepers.de/neon-merlot-trocken-3-liter-bag-in-box,,2026-08-14T14:35:23.384862+00:00
schaepers,Wein Schäpers,fachhandel,https://wein-schaepers.de/neon-pinot-grigio-trocken-3-liter-bag-in-box,"Neon Pinot Grigio, trocken, 3 Liter Bag-in-Box",,bag_in_box,Bag-in-Box,3.0,1,False,8.07,EUR,gross,0.0,8.07,2.69,2.69,2.02,2.69,,False,,still,weiss,trocken,,,,,Pinot Grigio,bag-in-box,bag in box,https://wein-schaepers.de/neon-pinot-grigio-trocken-3-liter-bag-in-box,,2026-08-14T14:35:23.386058+00:00
schaepers,Wein Schäpers,fachhandel,https://wein-schaepers.de/neon-primitivo-trocken-bag-in-box-3-liter,"Neon Primitivo, trocken, Bag-in-Box 3 Liter",,bag_in_box,Bag-in-Box,3.0,1,False,8.07,EUR,gross,0.0,8.07,2.69,2.69,2.02,2.69,,False,,still,rot,trocken,,,Italien,,Primitivo,bag-in-box,bag in box,https://wein-schaepers.de/neon-primitivo-trocken-bag-in-box-3-liter,,2026-08-14T14:35:23.387392+00:00
schaepers,Wein Schäpers,fachhandel,https://wein-schaepers.de/neon-riesling-trocken-bag-in-box-3-liter,"Neon Riesling, trocken, Bag-in-Box 3 Liter",,bag_in_box,Bag-in-Box,3.0,1,False,8.07,EUR,gross,0.0,8.07,2.69,2.69,2.02,2.69,,False,,still,weiss,trocken,,,,,Riesling,bag-in-box,bag in box,https://wein-schaepers.de/neon-riesling-trocken-bag-in-box-3-liter,,2026-08-14T14:35:23.388894+00:00
schaepers,Wein Schäpers,fachhandel,https://wein-schaepers.de/neon-sauvignon-blanc-trocken-3-liter-bag-in-box,"Neon Sauvignon Blanc, trocken, 3 Liter Bag-in-Box",,bag_in_box,Bag-in-Box,3.0,1,False,8.07,EUR,gross,0.0,8.07,2.69,2.69,2.02,2.69,,False,,still,weiss,trocken,,,,,Sauvignon Blanc,bag-in-box,bag in box,https://wein-schaepers.de/neon-sauvignon-blanc-trocken-3-liter-bag-in-box,,2026-08-14T14:35:23.390457+00:00
schaepers,Wein Schäpers,fachhandel,https://wein-schaepers.de/peter-mertes-liebfraumilch-qba-lieblich-2024-bag-in-box-3-0l,"Peter Mertes Liebfraumilch QbA, lieblich, 2024, Bag-in-Box, 3,0l",,bag_in_box,Bag-in-Box,3.0,1,False,9.49,EUR,gross,0.0,9.49,3.16,3.16,2.37,3.16,,False,,still,,lieblich,,2024,,,,bag-in-box,"bag in box, pet",https://wein-schaepers.de/peter-mertes-liebfraumilch-qba-lieblich-2024-bag-in-box-3-0l,,2026-08-14T14:35:23.391702+00:00
schaepers,Wein Schäpers,fachhandel,https://wein-schaepers.de/rebenland-grauburgunder-trocken-2024-3-liter-bag-in-box,"Rebenland Grauburgunder, trocken, 2024, 3 Liter Bag-in-Box",,bag_in_box,Bag-in-Box,3.0,1,False,11.39,EUR,gross,0.0,11.39,3.8,3.8,2.85,3.8,,False,,still,weiss,trocken,,2024,,,"Grauburgunder, Silvaner",bag-in-box,bag in box,https://wein-schaepers.de/rebenland-grauburgunder-trocken-2024-3-liter-bag-in-box,,2026-08-14T14:35:23.393041+00:00
schaepers,Wein Schäpers,fachhandel,https://wein-schaepers.de/rebenland-mueller-thurgau-halbtrocken-2024-3-liter-bag-in-box,"Rebenland Müller-Thurgau, halbtrocken, 2024, 3 Liter Bag-in-Box",,bag_in_box,Bag-in-Box,3.0,1,False,11.39,EUR,gross,0.0,11.39,3.8,3.8,2.85,3.8,,False,,still,weiss,halbtrocken,,2024,,,Müller-Thurgau,bag-in-box,bag in box,https://wein-schaepers.de/rebenland-mueller-thurgau-halbtrocken-2024-3-liter-bag-in-box,,2026-08-14T14:35:23.394380+00:00
schaepers,Wein Schäpers,fachhandel,https://wein-schaepers.de/rebenland-rose-halbtrocken-2024-3-liter-bag-in-box,"Rebenland Rosé, halbtrocken, 2024, 3 Liter Bag-in-Box",,bag_in_box,Bag-in-Box,3.0,1,False,11.39,EUR,gross,0.0,11.39,3.8,3.8,2.85,3.8,,False,,still,rose,halbtrocken,,2024,,,,bag-in-box,bag in box,https://wein-schaepers.de/rebenland-rose-halbtrocken-2024-3-liter-bag-in-box,,2026-08-14T14:35:23.395629+00:00
schaepers,Wein Schäpers,fachhandel,https://wein-schaepers.de/riesling-qba-feinherb-bag-in-box-3-0l,"Riesling QbA, feinherb, Bag-in-Box, 3,0l",,bag_in_box,Bag-in-Box,3.0,1,False,10.44,EUR,gross,0.0,10.44,3.48,3.48,2.61,3.48,,False,,still,weiss,halbtrocken,,,Deutschland,Pfalz,Riesling,bag-in-box,bag in box,https://wein-schaepers.de/riesling-qba-feinherb-bag-in-box-3-0l,,2026-08-14T14:35:23.396863+00:00
schaepers,Wein Schäpers,fachhandel,https://wein-schaepers.de/sternthaler-nuernberger-christkindles-gluehwein-rot-bag-in-box-10l,"Sternthaler Nürnberger Christkindles Glühwein Rot, Bag-in-Box, 10l",,bag_in_box,Bag-in-Box,10.0,1,False,31.34,EUR,gross,0.0,31.34,3.13,3.13,2.35,3.13,,False,,gluehwein,,,,,,,,bag-in-box,bag in box,https://wein-schaepers.de/sternthaler-nuernberger-christkindles-gluehwein-rot-bag-in-box-10l,,2026-08-14T14:35:23.397807+00:00
schaepers,Wein Schäpers,fachhandel,https://wein-schaepers.de/sternthaler-nuernberger-christkindles-gluehwein-weiss-bag-in-box-10l,"Sternthaler Nürnberger Christkindles Glühwein Weiß, Bag-in-Box, 10l",,bag_in_box,Bag-in-Box,10.0,1,False,31.34,EUR,gross,0.0,31.34,3.13,3.13,2.35,3.13,,False,,gluehwein,,,,,,,,bag-in-box,bag in box,https://wein-schaepers.de/sternthaler-nuernberger-christkindles-gluehwein-weiss-bag-in-box-10l,,2026-08-14T14:35:23.410782+00:00
schaepers,Wein Schäpers,fachhandel,https://wein-schaepers.de/stony-cape-chardonnay-trocken-bag-in-box-3-0l,"Stony Cape Chardonnay, trocken, Bag-in-Box, 3,0l",,bag_in_box,Bag-in-Box,3.0,1,False,9.49,EUR,gross,0.0,9.49,3.16,3.16,2.37,3.16,,False,,still,weiss,trocken,,,,,Chardonnay,bag-in-box,bag in box,https://wein-schaepers.de/stony-cape-chardonnay-trocken-bag-in-box-3-0l,,2026-08-14T14:35:23.412114+00:00
schaepers,Wein Schäpers,fachhandel,https://wein-schaepers.de/stony-cape-chenin-blanc-trocken-bag-in-box-3-0l,"Stony Cape Chenin Blanc, trocken, Bag-in-Box, 3,0l",,bag_in_box,Bag-in-Box,3.0,1,False,9.49,EUR,gross,0.0,9.49,3.16,3.16,2.37,3.16,,False,,still,weiss,trocken,,,,,Chenin Blanc,bag-in-box,bag in box,https://wein-schaepers.de/stony-cape-chenin-blanc-trocken-bag-in-box-3-0l,,2026-08-14T14:35:23.413455+00:00
schaepers,Wein Schäpers,fachhandel,https://wein-schaepers.de/stony-cape-cinsault-rose-trocken-bag-in-box-3-0l,"Stony Cape Cinsault Rosé, trocken, Bag-in-Box, 3,0l",,bag_in_box,Bag-in-Box,3.0,1,False,9.49,EUR,gross,0.0,9.49,3.16,3.16,2.37,3.16,,False,,still,rose,trocken,,,,,,bag-in-box,"bag in box, pet",https://wein-schaepers.de/stony-cape-cinsault-rose-trocken-bag-in-box-3-0l,,2026-08-14T14:35:23.414706+00:00
schaepers,Wein Schäpers,fachhandel,https://wein-schaepers.de/stony-cape-medium-sweet-rose-lieblich-bag-in-box-3-0l,"Stony Cape Medium Sweet Rosé, lieblich, Bag-in-Box, 3,0l",,bag_in_box,Bag-in-Box,3.0,1,False,9.49,EUR,gross,0.0,9.49,3.16,3.16,2.37,3.16,,False,,still,rose,lieblich,,,,,,bag-in-box,bag in box,https://wein-schaepers.de/stony-cape-medium-sweet-rose-lieblich-bag-in-box-3-0l,,2026-08-14T14:35:23.415938+00:00
schaepers,Wein Schäpers,fachhandel,https://wein-schaepers.de/stony-cape-medium-sweet-rot-lieblich-bag-in-box-3-0l,"Stony Cape Medium Sweet Rot, lieblich, Bag-in-Box, 3,0l",,bag_in_box,Bag-in-Box,3.0,1,False,9.49,EUR,gross,0.0,9.49,3.16,3.16,2.37,3.16,,False,,still,,lieblich,,,Südafrika,,,bag-in-box,bag in box,https://wein-schaepers.de/stony-cape-medium-sweet-rot-lieblich-bag-in-box-3-0l,,2026-08-14T14:35:23.417263+00:00
schaepers,Wein Schäpers,fachhandel,https://wein-schaepers.de/stony-cape-medium-sweet-weiss-lieblich-bag-in-box-3-0l,"Stony Cape Medium Sweet Weiß, lieblich, Bag-in-Box, 3,0l",,bag_in_box,Bag-in-Box,3.0,1,False,9.49,EUR,gross,0.0,9.49,3.16,3.16,2.37,3.16,,False,,still,weiss,lieblich,,,,,,bag-in-box,bag in box,https://wein-schaepers.de/stony-cape-medium-sweet-weiss-lieblich-bag-in-box-3-0l,,2026-08-14T14:35:23.418385+00:00
schaepers,Wein Schäpers,fachhandel,https://wein-schaepers.de/stony-cape-pinot-grigio-trocken-bag-in-box-3-0l,"Stony Cape Pinot Grigio, trocken, Bag-in-Box, 3,0l",,bag_in_box,Bag-in-Box,3.0,1,False,9.49,EUR,gross,0.0,9.49,3.16,3.16,2.37,3.16,,False,,still,weiss,trocken,,,,,Pinot Grigio,bag-in-box,bag in box,https://wein-schaepers.de/stony-cape-pinot-grigio-trocken-bag-in-box-3-0l,,2026-08-14T14:35:23.419644+00:00
schaepers,Wein Schäpers,fachhandel,https://wein-schaepers.de/wein-genuss-vino-blanco-trocken-bag-in-box-3-0l,"Wein-Genuss Vino Blanco, trocken, Bag-in-Box, 3,0l",,bag_in_box,Bag-in-Box,3.0,1,False,7.12,EUR,gross,0.0,7.12,2.37,2.37,1.78,2.37,,False,,still,weiss,trocken,,,Spanien,,,bag-in-box,bag in box,https://wein-schaepers.de/wein-genuss-vino-blanco-trocken-bag-in-box-3-0l,,2026-08-14T14:35:23.420922+00:00
schaepers,Wein Schäpers,fachhandel,https://wein-schaepers.de/wein-genuss-vino-rosado-trocken-bag-in-box-3-0l,"Wein-Genuss Vino Rosado, trocken, Bag-in-Box, 3,0l",,bag_in_box,Bag-in-Box,3.0,1,False,7.12,EUR,gross,0.0,7.12,2.37,2.37,1.78,2.37,,False,,still,rose,trocken,,,Spanien,,,bag-in-box,bag in box,https://wein-schaepers.de/wein-genuss-vino-rosado-trocken-bag-in-box-3-0l,,2026-08-14T14:35:23.421923+00:00
schaepers,Wein Schäpers,fachhandel,https://wein-schaepers.de/wein-genuss-vino-tinto-trocken-bag-in-box-3-0l,"Wein-Genuss Vino Tinto, trocken, Bag-in-Box, 3,0l",,bag_in_box,Bag-in-Box,3.0,1,False,7.12,EUR,gross,0.0,7.12,2.37,2.37,1.78,2.37,,False,,still,rot,trocken,,,Spanien,,,bag-in-box,bag in box,https://wein-schaepers.de/wein-genuss-vino-tinto-trocken-bag-in-box-3-0l,,2026-08-14T14:35:23.422912+00:00
schaepers,Wein Schäpers,fachhandel,https://wein-schaepers.de/wine-box-cabernet-sauvignon-trocken-bag-in-box-3-0l,"Wine Box Cabernet Sauvignon, trocken, Bag-in-Box, 3,0l",,bag_in_box,Bag-in-Box,3.0,1,False,9.49,EUR,gross,0.0,9.49,3.16,3.16,2.37,3.16,,False,,still,rot,trocken,,,Chile,,Cabernet Sauvignon,bag-in-box,bag in box,https://wein-schaepers.de/wine-box-cabernet-sauvignon-trocken-bag-in-box-3-0l,,2026-08-14T14:35:23.423964+00:00
schaepers,Wein Schäpers,fachhandel,https://wein-schaepers.de/wine-box-chardonnay-trocken-2024-bag-in-box-3-0l,"Wine Box Chardonnay, trocken, 2024, Bag-in-Box, 3,0l",,bag_in_box,Bag-in-Box,3.0,1,False,9.49,EUR,gross,0.0,9.49,3.16,3.16,2.37,3.16,,False,,still,weiss,trocken,,2024,Südafrika,,Chardonnay,bag-in-box,bag in box,https://wein-schaepers.de/wine-box-chardonnay-trocken-2024-bag-in-box-3-0l,,2026-08-14T14:35:23.425216+00:00
schaepers,Wein Schäpers,fachhandel,https://wein-schaepers.de/wine-box-chenin-blanc-trocken-bag-in-box-3-0l,"Wine Box Chenin Blanc, trocken, Bag-in-Box, 3,0l",,bag_in_box,Bag-in-Box,3.0,1,False,9.49,EUR,gross,0.0,9.49,3.16,3.16,2.37,3.16,,False,,still,weiss,trocken,,,,,Chenin Blanc,bag-in-box,bag in box,https://wein-schaepers.de/wine-box-chenin-blanc-trocken-bag-in-box-3-0l,,2026-08-14T14:35:23.426267+00:00
schaepers,Wein Schäpers,fachhandel,https://wein-schaepers.de/wine-box-dornfelder-trocken-bag-in-box-3-0l,"Wine Box Dornfelder, trocken, Bag-in-Box, 3,0l",,bag_in_box,Bag-in-Box,3.0,1,False,9.49,EUR,gross,0.0,9.49,3.16,3.16,2.37,3.16,,False,,still,rot,trocken,,,,,Dornfelder,bag-in-box,bag in box,https://wein-schaepers.de/wine-box-dornfelder-trocken-bag-in-box-3-0l,,2026-08-14T14:35:23.427497+00:00
schaepers,Wein Schäpers,fachhandel,https://wein-schaepers.de/wine-box-merlot-trocken-bag-in-box-3-0l,"Wine Box Merlot, trocken, Bag-in-Box, 3,0l",,bag_in_box,Bag-in-Box,3.0,1,False,9.49,EUR,gross,0.0,9.49,3.16,3.16,2.37,3.16,,False,,still,rot,trocken,,,,,Merlot,bag-in-box,"bag in box, zapfhahn",https://wein-schaepers.de/wine-box-merlot-trocken-bag-in-box-3-0l,,2026-08-14T14:35:23.428729+00:00
schaepers,Wein Schäpers,fachhandel,https://wein-schaepers.de/wine-box-mueller-thurgau-halbtrocken-bag-in-box-3-0l,"Wine Box Müller-Thurgau, halbtrocken, Bag-in-Box, 3,0l",,bag_in_box,Bag-in-Box,3.0,1,False,9.49,EUR,gross,0.0,9.49,3.16,3.16,2.37,3.16,,False,,still,weiss,halbtrocken,,,,,Müller-Thurgau,bag-in-box,bag in box,https://wein-schaepers.de/wine-box-mueller-thurgau-halbtrocken-bag-in-box-3-0l,,2026-08-14T14:35:23.430090+00:00
schaepers,Wein Schäpers,fachhandel,https://wein-schaepers.de/wine-box-tempranillo-trocken-bag-in-box-3-0l,"Wine Box Tempranillo, trocken, Bag-in-Box, 3,0l",,bag_in_box,Bag-in-Box,3.0,1,False,9.49,EUR,gross,0.0,9.49,3.16,3.16,2.37,3.16,,False,,still,rot,trocken,,,,,Tempranillo,bag-in-box,bag in box,https://wein-schaepers.de/wine-box-tempranillo-trocken-bag-in-box-3-0l,,2026-08-14T14:35:23.431342+00:00
weinfreunde,Weinfreunde,fachhandel,/p/edizione-ennio-primitivo-bag-in-box-5-0-l-cantina-vecchia-torre/,"Edizione Ennio Primitivo Bag-in-Box - 5,0 L",,bag_in_box,Bag-in-Box,5.0,1,False,24.95,EUR,gross,0.0,24.95,4.99,4.99,3.74,4.99,,False,,still,rot,,,,Italien,Apulien,Primitivo,bag-in-box,bag in box,https://www.weinfreunde.de/p/edizione-ennio-primitivo-bag-in-box-5-0-l-cantina-vecchia-torre/,,2026-08-14T14:35:23.449240+00:00
weinfreunde,Weinfreunde,fachhandel,/p/grauburgunder-trocken-bag-in-box-3-0-l-meinhard/,"Grauburgunder trocken Bag-in-Box - 3,0 L",,bag_in_box,Bag-in-Box,3.0,1,False,15.95,EUR,gross,0.0,15.95,5.32,5.32,3.99,5.32,,False,,still,weiss,trocken,20.0,,Deutschland,Nahe,Grauburgunder,bag-in-box,bag in box,https://www.weinfreunde.de/p/grauburgunder-trocken-bag-in-box-3-0-l-meinhard/,,2026-08-14T14:35:23.450010+00:00
weinfreunde,Weinfreunde,fachhandel,/p/granbeau-rose-prestige-bag-in-box-3-0-l-cellier-d-eole/,"Granbeau Rosé Préstige Bag-in-Box - 3,0 L",,bag_in_box,Bag-in-Box,3.0,1,False,17.95,EUR,gross,0.0,17.95,5.98,5.98,4.49,5.98,,False,,still,rose,trocken,,,Frankreich,Languedoc,,bag-in-box,bag in box,https://www.weinfreunde.de/p/granbeau-rose-prestige-bag-in-box-3-0-l-cellier-d-eole/,,2026-08-14T14:35:23.451056+00:00
weinfreunde,Weinfreunde,fachhandel,/p/premier-rendez-vous-merlot-cabernet-sauvignon-bag-in-box-3-0-l-les-producteurs-reunis/,"Premier Rendez-Vous Merlot Cabernet Sauvignon Bag-in-Box - 3,0 L",,bag_in_box,Bag-in-Box,3.0,1,False,17.95,EUR,gross,0.0,17.95,5.98,5.98,4.49,5.98,,False,,still,rot,halbtrocken,,,Frankreich,Languedoc,"Merlot, Cabernet Sauvignon",bag-in-box,bag in box,https://www.weinfreunde.de/p/premier-rendez-vous-merlot-cabernet-sauvignon-bag-in-box-3-0-l-les-producteurs-reunis/,,2026-08-14T14:35:23.452259+00:00
weinfreunde,Weinfreunde,fachhandel,/p/premier-rendez-vous-sauvignon-blanc-colombard-bag-in-box-3-0-l-les-producteurs-reunis/,"Premier Rendez-Vous Sauvignon Blanc-Colombard Bag-in-Box - 3,0 L",,bag_in_box,Bag-in-Box,3.0,1,False,17.95,EUR,gross,0.0,17.95,5.98,5.98,4.49,5.98,,False,,still,weiss,,,,Frankreich,,Sauvignon Blanc,bag-in-box,bag in box,https://www.weinfreunde.de/p/premier-rendez-vous-sauvignon-blanc-colombard-bag-in-box-3-0-l-les-producteurs-reunis/,,2026-08-14T14:35:23.453671+00:00
weinfreunde,Weinfreunde,fachhandel,/p/miluna-primitivo-salento-bag-in-box-5-0-l-cantine-san-marzano/,"Miluna Primitivo Salento Bag-in-Box - 5,0 L",,bag_in_box,Bag-in-Box,5.0,1,False,17.49,EUR,gross,0.0,17.49,3.5,3.5,2.62,3.5,,False,,still,rot,,,,Italien,Apulien,Primitivo,bag-in-box,bag in box,https://www.weinfreunde.de/p/miluna-primitivo-salento-bag-in-box-5-0-l-cantine-san-marzano/,,2026-08-14T14:35:23.455003+00:00
weinfreunde,Weinfreunde,fachhandel,/p/studio-by-miraval-rose-bag-in-box-3-0-l-miraval-by-pitt-perrin/,"Studio by Miraval Rosé Bag-in-Box - 3,0 L",,bag_in_box,Bag-in-Box,3.0,1,False,39.0,EUR,gross,0.0,39.0,13.0,13.0,9.75,13.0,,False,,still,rose,trocken,,,Frankreich,,,bag-in-box,bag in box,https://www.weinfreunde.de/p/studio-by-miraval-rose-bag-in-box-3-0-l-miraval-by-pitt-perrin/,,2026-08-14T14:35:23.455838+00:00
weinfreunde,Weinfreunde,fachhandel,/p/moulin-saint-jean-la-reserve-bag-in-box-3-0-l-domaine-moulin-saint-jean/,"Moulin Saint-Jean La Réserve Bag-in-Box - 3,0 L",,bag_in_box,Bag-in-Box,3.0,1,False,19.95,EUR,gross,0.0,19.95,6.65,6.65,4.99,6.65,,False,,still,,,,,Frankreich,Languedoc,,bag-in-box,bag in box,https://www.weinfreunde.de/p/moulin-saint-jean-la-reserve-bag-in-box-3-0-l-domaine-moulin-saint-jean/,,2026-08-14T14:35:23.456616+00:00
weinfreunde,Weinfreunde,fachhandel,/p/rose-de-pressee-cotes-de-gascogne-bag-in-box-3-0-l-vignoble-ferret/,"Rosé de Pressée Côtes de Gascogne Bag-in-Box - 3,0 L",,bag_in_box,Bag-in-Box,3.0,1,False,18.95,EUR,gross,0.0,18.95,6.32,6.32,4.74,6.32,,False,,still,rose,trocken,,,Frankreich,Cotes De Gascogne,,bag-in-box,bag in box,https://www.weinfreunde.de/p/rose-de-pressee-cotes-de-gascogne-bag-in-box-3-0-l-vignoble-ferret/,,2026-08-14T14:35:23.457413+00:00
weinfreunde,Weinfreunde,fachhandel,/p/tres-reyes-tempranillo-syrah-bag-in-box-3-0-l-bodegas-y-vinedos-munoz/,"Tres Reyes Tempranillo-Syrah Bag-in-Box - 3,0 L",,bag_in_box,Bag-in-Box,3.0,1,False,11.49,EUR,gross,0.0,11.49,3.83,3.83,2.87,3.83,,False,,still,rot,trocken,,,Spanien,,"Tempranillo, Syrah",bag-in-box,bag in box,https://www.weinfreunde.de/p/tres-reyes-tempranillo-syrah-bag-in-box-3-0-l-bodegas-y-vinedos-munoz/,,2026-08-14T14:35:23.458148+00:00
weinfreunde,Weinfreunde,fachhandel,/p/bardolino-rosso-bag-in-box-3-0-l-cantina-di-castelnuovo/,"Bardolino Rosso Bag-in-Box - 3,0 L",,bag_in_box,Bag-in-Box,3.0,1,False,16.5,EUR,gross,0.0,16.5,5.5,5.5,4.12,5.5,,False,,still,rot,trocken,,,Italien,Venetien,,bag-in-box,bag in box,https://www.weinfreunde.de/p/bardolino-rosso-bag-in-box-3-0-l-cantina-di-castelnuovo/,,2026-08-14T14:35:23.459002+00:00
weinfreunde,Weinfreunde,fachhandel,/p/reserve-blanche-cotes-de-gascogne-bag-in-box-3-0-l-vignoble-ferret/,"Réserve Blanche Côtes de Gascogne Bag-in-Box - 3,0 L",,bag_in_box,Bag-in-Box,3.0,1,False,12.95,EUR,gross,0.0,12.95,4.32,4.32,3.24,4.32,,False,,still,,trocken,,,Frankreich,Cotes De Gascogne,,bag-in-box,bag in box,https://www.weinfreunde.de/p/reserve-blanche-cotes-de-gascogne-bag-in-box-3-0-l-vignoble-ferret/,,2026-08-14T14:35:23.459673+00:00
weinfreunde,Weinfreunde,fachhandel,/p/biqueirao-tinto-bag-in-box-5-0-l-adega-cooperativa-de-carvoeira/,"Biqueirão tinto Bag-in-Box - 5,0 L",,bag_in_box,Bag-in-Box,5.0,1,False,16.5,EUR,gross,0.0,16.5,3.3,3.3,2.47,3.3,,False,,still,rot,trocken,,,Portugal,,,bag-in-box,bag in box,https://www.weinfreunde.de/p/biqueirao-tinto-bag-in-box-5-0-l-adega-cooperativa-de-carvoeira/,,2026-08-14T14:35:23.460434+00:00
weinfreunde,Weinfreunde,fachhandel,/p/biqueirao-branco-bag-in-box-5-0-l-adega-cooperativa-de-carvoeira/,"Biqueirão Branco Bag-in-Box - 5,0 L",,bag_in_box,Bag-in-Box,5.0,1,False,15.8,EUR,gross,0.0,15.8,3.16,3.16,2.37,3.16,,False,,still,,trocken,,,Portugal,,,bag-in-box,bag in box,https://www.weinfreunde.de/p/biqueirao-branco-bag-in-box-5-0-l-adega-cooperativa-de-carvoeira/,,2026-08-14T14:35:23.461195+00:00
wirwinzer,WirWinzer,fachhandel,4er Paket Riesling Bag-in-Box,4er Paket Riesling Bag-in-Box,,bag_in_box,Bag-in-Box,3.0,4,True,41.5,EUR,gross,0.0,41.5,3.46,3.46,2.59,3.46,49.6,True,,still,weiss,,,,,,Riesling,bag-in-box,bag in box,https://wirwinzer.de/herxheim-am-berg-4er-paket-riesling-bag-in-box-868106000p.html,,2026-08-14T14:35:23.485410+00:00
wirwinzer,WirWinzer,fachhandel,"2025 Grauburgunder, Bag-in-Box, 3 L, Region Kaiserstuhl, Baden 3,0 L","2025 Grauburgunder, Bag-in-Box, 3 L, Region Kaiserstuhl, Baden 3,0 L",,bag_in_box,Bag-in-Box,3.0,1,False,16.5,EUR,gross,0.0,16.5,5.5,5.5,4.12,5.5,,False,,still,weiss,,,2025,Deutschland,Baden,Grauburgunder,bag-in-box,bag in box,https://wirwinzer.de/oberrotweiler-winzerverein-2025-grauburgunder-bag-in-box-3-l-region-kaiserstuhl-baden-3-0-l-671060000.html,,2026-08-14T14:35:23.485976+00:00
wirwinzer,WirWinzer,fachhandel,"2025 Rosé, Bag-in-Box, 3 L, Region Kaiserstuhl, Baden 3,0 L","2025 Rosé, Bag-in-Box, 3 L, Region Kaiserstuhl, Baden 3,0 L",,bag_in_box,Bag-in-Box,3.0,1,False,16.5,EUR,gross,0.0,16.5,5.5,5.5,4.12,5.5,,False,,still,rose,,,2025,Deutschland,Baden,,bag-in-box,bag in box,https://wirwinzer.de/oberrotweiler-winzerverein-2025-rose-bag-in-box-3-l-region-kaiserstuhl-baden-3-0-l-671062000.html,,2026-08-14T14:35:23.486524+00:00
wirwinzer,WirWinzer,fachhandel,"2024 MRKGRFLR Gutedel Bag in Box 3,0 L","2024 MRKGRFLR Gutedel Bag in Box 3,0 L",,bag_in_box,Bag-in-Box,3.0,1,False,14.0,EUR,gross,0.0,14.0,4.67,4.67,3.5,4.67,,False,,still,weiss,,,2024,,,Gutedel,bag-in-box,bag in box,https://wirwinzer.de/markgraefler-winzer-2024-mrkgrflr-gutedel-bag-in-box-3-0-l-1070111000.html,,2026-08-14T14:35:23.487004+00:00
wirwinzer,WirWinzer,fachhandel,"2023 Bag in Box Über Grenzen gehen Weinschlauch 3,0 L","2023 Bag in Box Über Grenzen gehen Weinschlauch 3,0 L",,bag_in_box,Bag-in-Box,3.0,1,False,21.9,EUR,gross,0.0,21.9,7.3,7.3,5.47,7.3,,False,,still,,,,2023,,,,bag-in-box,"bag in box, weinschlauch",https://wirwinzer.de/friedrich-kiefer-2023-bag-in-box-ueber-grenzen-gehen-weinschlauch-3-0-l-317031000.html,,2026-08-14T14:35:23.487548+00:00
wirwinzer,WirWinzer,fachhandel,"2024 Spätburgunder Rotwein, Bag-in-Box, 3 L, Region Kaiserstuhl, Baden 3,0 L","2024 Spätburgunder Rotwein, Bag-in-Box, 3 L, Region Kaiserstuhl, Baden 3,0 L",,bag_in_box,Bag-in-Box,3.0,1,False,16.5,EUR,gross,0.0,16.5,5.5,5.5,4.12,5.5,,False,,still,rot,,,2024,Deutschland,Baden,Spätburgunder,bag-in-box,bag in box,https://wirwinzer.de/oberrotweiler-winzerverein-2024-spaetburgunder-rotwein-bag-in-box-3-l-region-kaiserstuhl-baden-3-0-l-671063000.html,,2026-08-14T14:35:23.488061+00:00
wirwinzer,WirWinzer,fachhandel,4er Paket Rotweincuvée Bag-in-Box,4er Paket Rotweincuvée Bag-in-Box,,bag_in_box,Bag-in-Box,3.0,4,True,41.5,EUR,gross,0.0,41.5,3.46,3.46,2.59,3.46,49.6,True,,still,,,,,,,,bag-in-box,bag in box,https://wirwinzer.de/herxheim-am-berg-4er-paket-rotweincuvee-bag-in-box-868107000p.html,,2026-08-14T14:35:23.488560+00:00
wirwinzer,WirWinzer,fachhandel,"2025 Silvaner Bag in Box 1,5 L","2025 Silvaner Bag in Box 1,5 L",,bag_in_box,Bag-in-Box,1.5,1,False,14.0,EUR,gross,0.0,14.0,9.33,9.33,7.0,9.33,,False,,still,weiss,,,2025,,,Silvaner,bag-in-box,bag in box,https://wirwinzer.de/wirsching-2025-silvaner-bag-in-box-1-5-l-8940005000.html,,2026-08-14T14:35:23.489105+00:00
wirwinzer,WirWinzer,fachhandel,"2025 Weißburgunder, Bag-in-Box, 3 L, Region Kaiserstuhl, Baden 3,0 L","2025 Weißburgunder, Bag-in-Box, 3 L, Region Kaiserstuhl, Baden 3,0 L",,bag_in_box,Bag-in-Box,3.0,1,False,16.5,EUR,gross,0.0,16.5,5.5,5.5,4.12,5.5,,False,,still,weiss,,,2025,Deutschland,Baden,Weißburgunder,bag-in-box,bag in box,https://wirwinzer.de/oberrotweiler-winzerverein-2025-weissburgunder-bag-in-box-3-l-region-kaiserstuhl-baden-3-0-l-671061000.html,,2026-08-14T14:35:23.489614+00:00
wirwinzer,WirWinzer,fachhandel,"2023 MRKGRFLR Rotwein Bag in Box 3,0 L","2023 MRKGRFLR Rotwein Bag in Box 3,0 L",,bag_in_box,Bag-in-Box,3.0,1,False,14.0,EUR,gross,0.0,14.0,4.67,4.67,3.5,4.67,,False,,still,rot,,,2023,,,,bag-in-box,bag in box,https://wirwinzer.de/markgraefler-winzer-2023-mrkgrflr-rotwein-bag-in-box-3-0-l-1070114000.html,,2026-08-14T14:35:23.490539+00:00
wirwinzer,WirWinzer,fachhandel,"2024 Bacat Weiß GRÜNE WEINBOX BIO 2,25 L","2024 Bacat Weiß GRÜNE WEINBOX BIO 2,25 L",,bag_in_box,Bag-in-Box,2.25,1,False,19.95,EUR,gross,0.0,19.95,8.87,8.87,6.65,8.87,,False,,still,,,,2024,,,,bag-in-box,bag in box,https://wirwinzer.de/staatsweingut-freiburg-2024-bacat-weiss-gruene-weinbox-bio-2-25-l-374036000.html,,2026-08-14T14:35:23.491022+00:00
wirwinzer,WirWinzer,fachhandel,"2025 Vulkangewächs Grauburgunder, Bag-in-Box, 3 L, Region Kaiserstuhl, Baden 3,0 L","2025 Vulkangewächs Grauburgunder, Bag-in-Box, 3 L, Region Kaiserstuhl, Baden 3,0 L",,bag_in_box,Bag-in-Box,3.0,1,False,22.5,EUR,gross,0.0,22.5,7.5,7.5,5.62,7.5,,False,,still,weiss,,,2025,Deutschland,Baden,Grauburgunder,bag-in-box,bag in box,https://wirwinzer.de/oberrotweiler-winzerverein-2025-vulkangewaechs-grauburgunder-bag-in-box-3-l-region-kaiserstuhl-baden-3-0-l-671078000.html,,2026-08-14T14:35:23.492086+00:00
wirwinzer,WirWinzer,fachhandel,"2024 Grauburgunder GRÜNE WEINBOX - Ökowein BIO 2,25 L","2024 Grauburgunder GRÜNE WEINBOX - Ökowein BIO 2,25 L",,bag_in_box,Bag-in-Box,2.25,1,False,19.95,EUR,gross,0.0,19.95,8.87,8.87,6.65,8.87,,False,,still,weiss,,,2024,,,Grauburgunder,bag-in-box,bag in box,https://wirwinzer.de/staatsweingut-freiburg-2024-grauburgunder-gruene-weinbox-oekowein-bio-2-25-l-374040000.html,,2026-08-14T14:35:23.492591+00:00
wirwinzer,WirWinzer,fachhandel,"2025 Sonnenstund Grauburgunder, Bag-in-Box, 3 L, Region Kaiserstuhl, Baden 3,0 L","2025 Sonnenstund Grauburgunder, Bag-in-Box, 3 L, Region Kaiserstuhl, Baden 3,0 L",,bag_in_box,Bag-in-Box,3.0,1,False,14.5,EUR,gross,0.0,14.5,4.83,4.83,3.62,4.83,,False,,still,weiss,,,2025,Deutschland,Baden,Grauburgunder,bag-in-box,bag in box,https://wirwinzer.de/oberrotweiler-winzerverein-2025-sonnenstund-grauburgunder-bag-in-box-3-l-region-kaiserstuhl-baden-3-0-l-671087000.html,,2026-08-14T14:35:23.493155+00:00
wirwinzer,WirWinzer,fachhandel,"Glühwein rot 5L Bag-in-Box (BiB) 5,0 L","Glühwein rot 5L Bag-in-Box (BiB) 5,0 L",,bag_in_box,Bag-in-Box,5.0,1,False,22.0,EUR,gross,0.0,22.0,4.4,4.4,3.3,4.4,,False,,gluehwein,,,,,,,,bag-in-box,"bag in box, bib",https://wirwinzer.de/schildwein-gluehwein-rot-5l-bag-in-box-bib-5-0-l-1010043000.html,,2026-08-14T14:35:23.493633+00:00
wirwinzer,WirWinzer,fachhandel,"2025 myBOX -ROSÉ- (Bag-in-Box BiB) 5,0 L","2025 myBOX -ROSÉ- (Bag-in-Box BiB) 5,0 L",,bag_in_box,Bag-in-Box,5.0,1,False,23.0,EUR,gross,0.0,23.0,4.6,4.6,3.45,4.6,,False,,still,rose,,,2025,,,,bag-in-box,"bag in box, bib",https://wirwinzer.de/schildwein-2025-mybox-rose-bag-in-box-bib-5-0-l-1010063000.html,,2026-08-14T14:35:23.494102+00:00
wirwinzer,WirWinzer,fachhandel,Bag-in-Box (BiB)-Paket 2024 Portugieser Rosé -SX- trocken,Bag-in-Box (BiB)-Paket 2024 Portugieser Rosé -SX- trocken,,bag_in_box,Bag-in-Box,9.0,1,True,57.0,EUR,gross,0.0,57.0,6.33,6.33,4.75,6.33,69.0,True,,still,rose,trocken,,2024,,,,bag-in-box,"bag in box, bib",https://wirwinzer.de/schildwein-bag-in-box-bib-paket-2024-portugieser-rose-sx-trocken-1010128000p.html,,2026-08-14T14:35:23.494609+00:00
wirwinzer,WirWinzer,fachhandel,"2025 Bag-in-Box Riesling 3,0 L","2025 Bag-in-Box Riesling 3,0 L",,bag_in_box,Bag-in-Box,3.0,1,False,12.4,EUR,gross,0.0,12.4,4.13,4.13,3.1,4.13,,False,,still,weiss,,,2025,,,Riesling,bag-in-box,bag in box,https://wirwinzer.de/herxheim-am-berg-2025-bag-in-box-riesling-3-0-l-868066000.html,,2026-08-14T14:35:23.495086+00:00
wirwinzer,WirWinzer,fachhandel,"""Pitthans Winzerglühwein"" Rot 3L Bag-in-Box 3,0 L","""Pitthans Winzerglühwein"" Rot 3L Bag-in-Box 3,0 L",,bag_in_box,Bag-in-Box,3.0,1,False,12.0,EUR,gross,0.0,12.0,4.0,4.0,3.0,4.0,,False,,gluehwein,,,,,,,,bag-in-box,bag in box,https://wirwinzer.de/pitthan-pitthans-winzergluehwein-rot-3l-bag-in-box-3-0-l-1554015000.html,,2026-08-14T14:35:23.495591+00:00
wirwinzer,WirWinzer,fachhandel,"2023 Bag-in-Box Rotweincuvée 3,0 L","2023 Bag-in-Box Rotweincuvée 3,0 L",,bag_in_box,Bag-in-Box,3.0,1,False,12.4,EUR,gross,0.0,12.4,4.13,4.13,3.1,4.13,,False,,still,,,,2023,,,,bag-in-box,bag in box,https://wirwinzer.de/herxheim-am-berg-2023-bag-in-box-rotweincuvee-3-0-l-868068000.html,,2026-08-14T14:35:23.496065+00:00
wirwinzer,WirWinzer,fachhandel,"2024 Bag in Box Mit den Wolken ziehen Weinschlauch 3,0 L","2024 Bag in Box Mit den Wolken ziehen Weinschlauch 3,0 L",,bag_in_box,Bag-in-Box,3.0,1,False,20.1,EUR,gross,0.0,20.1,6.7,6.7,5.03,6.7,,False,,still,,,,2024,,,,bag-in-box,"bag in box, weinschlauch",https://wirwinzer.de/friedrich-kiefer-2024-bag-in-box-mit-den-wolken-ziehen-weinschlauch-3-0-l-317030000.html,,2026-08-14T14:35:23.496549+00:00
wirwinzer,WirWinzer,fachhandel,Bag-in-Box (BiB)-Paket Blanc de Noir SX trocken,Bag-in-Box (BiB)-Paket Blanc de Noir SX trocken,,bag_in_box,Bag-in-Box,9.0,1,True,66.0,EUR,gross,0.0,66.0,7.33,7.33,5.5,7.33,,False,,still,weiss,trocken,,,,,,bag-in-box,"bag in box, bib",https://wirwinzer.de/schildwein-bag-in-box-bib-paket-blanc-de-noir-sx-trocken-1010127000p.html,,2026-08-14T14:35:23.497076+00:00
wirwinzer,WirWinzer,fachhandel,"Wolfsglut Glühwein rot ""Bag in Box"" 10,0 L","Wolfsglut Glühwein rot ""Bag in Box"" 10,0 L",,bag_in_box,Bag-in-Box,10.0,1,False,33.0,EUR,gross,0.0,33.0,3.3,3.3,2.47,3.3,,False,,gluehwein,,,,,,,,bag-in-box,bag in box,https://wirwinzer.de/winzergenossenschaft-wolfenweiler-wolfsglut-gluehwein-rot-bag-in-box-10-0-l-970103000.html,,2026-08-14T14:35:23.515517+00:00
wirwinzer,WirWinzer,fachhandel,"2024 Bag-in-Box Roséwein 3,0 L","2024 Bag-in-Box Roséwein 3,0 L",,bag_in_box,Bag-in-Box,3.0,1,False,12.4,EUR,gross,0.0,12.4,4.13,4.13,3.1,4.13,,False,,still,rose,,,2024,,,,bag-in-box,bag in box,https://wirwinzer.de/herxheim-am-berg-2024-bag-in-box-rosewein-3-0-l-868067000.html,,2026-08-14T14:35:23.516068+00:00
wirwinzer,WirWinzer,fachhandel,"Schwäbischer Glühwein rot 3L Bag-in-Box Weinschlauch 3,0 L","Schwäbischer Glühwein rot 3L Bag-in-Box Weinschlauch 3,0 L",,bag_in_box,Bag-in-Box,3.0,1,False,12.0,EUR,gross,0.0,12.0,4.0,4.0,3.0,4.0,,False,,gluehwein,,,,,,,,bag-in-box,"bag in box, weinschlauch",https://wirwinzer.de/roland-vollmer-schwaebischer-gluehwein-rot-3l-bag-in-box-weinschlauch-3-0-l-673047000.html,,2026-08-14T14:35:23.516586+00:00
wirwinzer,WirWinzer,fachhandel,"2024 myBOX -WHITE- Rivaner (Bag-in-Box BiB) 5,0 L","2024 myBOX -WHITE- Rivaner (Bag-in-Box BiB) 5,0 L",,bag_in_box,Bag-in-Box,5.0,1,False,23.0,EUR,gross,0.0,23.0,4.6,4.6,3.45,4.6,,False,,still,weiss,,,2024,,,,bag-in-box,"bag in box, bib",https://wirwinzer.de/schildwein-2024-mybox-white-rivaner-bag-in-box-bib-5-0-l-1010078000.html,,2026-08-14T14:35:23.517194+00:00
wirwinzer,WirWinzer,fachhandel,Bag-in-Box (BiB)-Paket Grauburgunder SX feinherb,Bag-in-Box (BiB)-Paket Grauburgunder SX feinherb,,bag_in_box,Bag-in-Box,9.0,1,True,66.0,EUR,gross,0.0,66.0,7.33,7.33,5.5,7.33,,False,,still,weiss,halbtrocken,,,,,Grauburgunder,bag-in-box,"bag in box, bib",https://wirwinzer.de/schildwein-bag-in-box-bib-paket-grauburgunder-sx-feinherb-1010129000p.html,,2026-08-14T14:35:23.517732+00:00
wirwinzer,WirWinzer,fachhandel,"""Winzerglühwein rot"", Bag-in-Box, 3 L, Region Kaiserstuhl, Baden 3,0 L","""Winzerglühwein rot"", Bag-in-Box, 3 L, Region Kaiserstuhl, Baden 3,0 L",,bag_in_box,Bag-in-Box,3.0,1,False,14.5,EUR,gross,0.0,14.5,4.83,4.83,3.62,4.83,,False,,gluehwein,,,,,Deutschland,Baden,,bag-in-box,bag in box,https://wirwinzer.de/oberrotweiler-winzerverein-winzergluehwein-rot-bag-in-box-3-l-region-kaiserstuhl-baden-3-0-l-671084000.html,,2026-08-14T14:35:23.518221+00:00
wirwinzer,WirWinzer,fachhandel,"2023 Oberkircher Bag-in-Box Riesling 3,0 L","2023 Oberkircher Bag-in-Box Riesling 3,0 L",,bag_in_box,Bag-in-Box,3.0,1,False,15.99,EUR,gross,0.0,15.99,5.33,5.33,4.0,5.33,,False,,still,weiss,,,2023,,,Riesling,bag-in-box,bag in box,https://wirwinzer.de/oberkircher-winzer-2023-oberkircher-bag-in-box-riesling-3-0-l-949121000.html,,2026-08-14T14:35:23.518678+00:00
wirwinzer,WirWinzer,fachhandel,"2025 Blanc de Noir -SX- Bag-in-Box (BiB) 3,0 L","2025 Blanc de Noir -SX- Bag-in-Box (BiB) 3,0 L",,bag_in_box,Bag-in-Box,3.0,1,False,22.0,EUR,gross,0.0,22.0,7.33,7.33,5.5,7.33,,False,,still,weiss,,,2025,,,,bag-in-box,"bag in box, bib",https://wirwinzer.de/schildwein-2025-blanc-de-noir-sx-bag-in-box-bib-3-0-l-1010105000.html,,2026-08-14T14:35:23.519139+00:00
wirwinzer,WirWinzer,fachhandel,"2023 SWEET CASANOVA (Bag-in-Box) (BiB) 3,0 L","2023 SWEET CASANOVA (Bag-in-Box) (BiB) 3,0 L",,bag_in_box,Bag-in-Box,3.0,1,False,19.0,EUR,gross,0.0,19.0,6.33,6.33,4.75,6.33,23.0,True,,still,,suess,,2023,,,,bag-in-box,"bag in box, bib",https://wirwinzer.de/schildwein-2023-sweet-casanova-bag-in-box-bib-3-0-l-1010101000.html,,2026-08-14T14:35:23.519644+00:00
wirwinzer,WirWinzer,fachhandel,"Glühwein weiß 5L Bag-in-Box (BiB) 5,0 L","Glühwein weiß 5L Bag-in-Box (BiB) 5,0 L",,bag_in_box,Bag-in-Box,5.0,1,False,22.0,EUR,gross,0.0,22.0,4.4,4.4,3.3,4.4,,False,,gluehwein,,,,,,,,bag-in-box,"bag in box, bib",https://wirwinzer.de/schildwein-gluehwein-weiss-5l-bag-in-box-bib-5-0-l-1010042000.html,,2026-08-14T14:35:23.520104+00:00
wirwinzer,WirWinzer,fachhandel,Bag-in-Box (BiB)-Paket Blanc de Noir SX feinherb,Bag-in-Box (BiB)-Paket Blanc de Noir SX feinherb,,bag_in_box,Bag-in-Box,9.0,1,True,66.0,EUR,gross,0.0,66.0,7.33,7.33,5.5,7.33,,False,,still,weiss,halbtrocken,,,,,,bag-in-box,"bag in box, bib",https://wirwinzer.de/schildwein-bag-in-box-bib-paket-blanc-de-noir-sx-feinherb-1010130000p.html,,2026-08-14T14:35:23.520618+00:00
wirwinzer,WirWinzer,fachhandel,"2025 Sonnenstund Rosé, Bag-in-Box, fein & fruchtig, 3,0 L","2025 Sonnenstund Rosé, Bag-in-Box, fein & fruchtig, 3,0 L",,bag_in_box,Bag-in-Box,3.0,1,False,14.5,EUR,gross,0.0,14.5,4.83,4.83,3.62,4.83,,False,,still,rose,,,2025,,,,bag-in-box,bag in box,https://wirwinzer.de/oberrotweiler-winzerverein-2025-sonnenstund-rose-bag-in-box-fein-fruchtig-3-0-l-671095000.html,,2026-08-14T14:35:23.521169+00:00
wirwinzer,WirWinzer,fachhandel,"2025 Weissburgunder -SX- Bag-in-Box (BiB) 3,0 L","2025 Weissburgunder -SX- Bag-in-Box (BiB) 3,0 L",,bag_in_box,Bag-in-Box,3.0,1,False,22.0,EUR,gross,0.0,22.0,7.33,7.33,5.5,7.33,,False,,still,weiss,,,2025,,,Weißburgunder,bag-in-box,"bag in box, bib",https://wirwinzer.de/schildwein-2025-weissburgunder-sx-bag-in-box-bib-3-0-l-1010092000.html,,2026-08-14T14:35:23.521703+00:00
wirwinzer,WirWinzer,fachhandel,"2024 Bag in Box Rotwein 3,0 L","2024 Bag in Box Rotwein 3,0 L",,bag_in_box,Bag-in-Box,3.0,1,False,17.0,EUR,gross,0.0,17.0,5.67,5.67,4.25,5.67,,False,,still,rot,,,2024,,,,bag-in-box,bag in box,https://wirwinzer.de/teamwerk-esslingen-2024-bag-in-box-rotwein-3-0-l-672102000.html,,2026-08-14T14:35:23.522161+00:00
wirwinzer,WirWinzer,fachhandel,"2025 Sonnenstund Pinot Noir, Bag-in-Box, fein & fruchtig, 3,0 L","2025 Sonnenstund Pinot Noir, Bag-in-Box, fein & fruchtig, 3,0 L",,bag_in_box,Bag-in-Box,3.0,1,False,14.5,EUR,gross,0.0,14.5,4.83,4.83,3.62,4.83,,False,,still,rot,,,2025,,,Pinot Noir,bag-in-box,bag in box,https://wirwinzer.de/oberrotweiler-winzerverein-2025-sonnenstund-pinot-noir-bag-in-box-fein-fruchtig-3-0-l-671094000.html,,2026-08-14T14:35:23.522648+00:00
wirwinzer,WirWinzer,fachhandel,"2024 Bag in Box Schmetterlinge im Bauch Weinschlauch 3,0 L","2024 Bag in Box Schmetterlinge im Bauch Weinschlauch 3,0 L",,bag_in_box,Bag-in-Box,3.0,1,False,21.9,EUR,gross,0.0,21.9,7.3,7.3,5.47,7.3,,False,,still,,,,2024,,,,bag-in-box,"bag in box, weinschlauch",https://wirwinzer.de/friedrich-kiefer-2024-bag-in-box-schmetterlinge-im-bauch-weinschlauch-3-0-l-317029000.html,,2026-08-14T14:35:23.523139+00:00
wirwinzer,WirWinzer,fachhandel,"2025 GUTedel Bag in Box 3,0 L","2025 GUTedel Bag in Box 3,0 L",,bag_in_box,Bag-in-Box,3.0,1,False,19.9,EUR,gross,0.0,19.9,6.63,6.63,4.97,6.63,,False,,still,weiss,,,2025,,,Gutedel,bag-in-box,bag in box,https://wirwinzer.de/schlumberger-2025-gutedel-bag-in-box-3-0-l-165033000.html,,2026-08-14T14:35:23.523650+00:00
wirwinzer,WirWinzer,fachhandel,"2025 Sonnenstund Rosé, Bag-in-Box, 3 L, Region Kaiserstuhl, Baden 3,0 L","2025 Sonnenstund Rosé, Bag-in-Box, 3 L, Region Kaiserstuhl, Baden 3,0 L",,bag_in_box,Bag-in-Box,3.0,1,False,14.5,EUR,gross,0.0,14.5,4.83,4.83,3.62,4.83,,False,,still,rose,,,2025,Deutschland,Baden,,bag-in-box,bag in box,https://wirwinzer.de/oberrotweiler-winzerverein-2025-sonnenstund-rose-bag-in-box-3-l-region-kaiserstuhl-baden-3-0-l-671088000.html,,2026-08-14T14:35:23.524102+00:00
wirwinzer,WirWinzer,fachhandel,"2024 White & Sweet -SX- Bag-in-Box (BiB) 3,0 L","2024 White & Sweet -SX- Bag-in-Box (BiB) 3,0 L",,bag_in_box,Bag-in-Box,3.0,1,False,19.0,EUR,gross,0.0,19.0,6.33,6.33,4.75,6.33,23.0,True,,still,weiss,suess,,2024,,,,bag-in-box,"bag in box, bib",https://wirwinzer.de/schildwein-2024-white-sweet-sx-bag-in-box-bib-3-0-l-1010098000.html,,2026-08-14T14:35:23.524630+00:00
wirwinzer,WirWinzer,fachhandel,"2024 Grauburgunder -SX- Bag-in-Box (BiB) 3,0 L","2024 Grauburgunder -SX- Bag-in-Box (BiB) 3,0 L",,bag_in_box,Bag-in-Box,3.0,1,False,22.0,EUR,gross,0.0,22.0,7.33,7.33,5.5,7.33,,False,,still,weiss,,,2024,,,Grauburgunder,bag-in-box,"bag in box, bib",https://wirwinzer.de/schildwein-2024-grauburgunder-sx-bag-in-box-bib-3-0-l-1010080000.html,,2026-08-14T14:35:23.525443+00:00
wirwinzer,WirWinzer,fachhandel,"2024 Grüne Weinbox Rosé - Ökowein BIO 2,25 L","2024 Grüne Weinbox Rosé - Ökowein BIO 2,25 L",,bag_in_box,Bag-in-Box,2.25,1,False,19.95,EUR,gross,0.0,19.95,8.87,8.87,6.65,8.87,,False,,still,rose,,,2024,,,,bag-in-box,bag in box,https://wirwinzer.de/staatsweingut-freiburg-2024-gruene-weinbox-rose-oekowein-bio-2-25-l-374060000.html,,2026-08-14T14:35:23.525974+00:00
wirwinzer,WirWinzer,fachhandel,"2024 Rivaner -SX- Bag-in-Box (BiB) 3,0 L","2024 Rivaner -SX- Bag-in-Box (BiB) 3,0 L",,bag_in_box,Bag-in-Box,3.0,1,False,19.0,EUR,gross,0.0,19.0,6.33,6.33,4.75,6.33,23.0,True,,still,,,,2024,,,,bag-in-box,"bag in box, bib",https://wirwinzer.de/schildwein-2024-rivaner-sx-bag-in-box-bib-3-0-l-1010056000.html,,2026-08-14T14:35:23.526479+00:00
wirwinzer,WirWinzer,fachhandel,"2025 Riesling -SX- Bag-in-Box (BiB) 3,0 L","2025 Riesling -SX- Bag-in-Box (BiB) 3,0 L",,bag_in_box,Bag-in-Box,3.0,1,False,22.0,EUR,gross,0.0,22.0,7.33,7.33,5.5,7.33,,False,,still,weiss,,,2025,,,Riesling,bag-in-box,"bag in box, bib",https://wirwinzer.de/schildwein-2025-riesling-sx-bag-in-box-bib-3-0-l-1010091000.html,,2026-08-14T14:35:23.526948+00:00
wirwinzer,WirWinzer,fachhandel,"2024 Jechtinger FeinFruchtig Grauburgunder Bag in Box 3,0 L","2024 Jechtinger FeinFruchtig Grauburgunder Bag in Box 3,0 L",,bag_in_box,Bag-in-Box,3.0,1,False,13.5,EUR,gross,0.0,13.5,4.5,4.5,3.38,4.5,,False,,still,weiss,,,2024,,,Grauburgunder,bag-in-box,bag in box,https://wirwinzer.de/winzergenossenschaft-jechtingen-amoltern-2024-jechtinger-feinfruchtig-grauburgunder-bag-in-box-3-0-l-2405047000.html,,2026-08-14T14:35:23.527472+00:00
wirwinzer,WirWinzer,fachhandel,"Bag in Box Roséwein 3,0 L","Bag in Box Roséwein 3,0 L",,bag_in_box,Bag-in-Box,3.0,1,False,17.0,EUR,gross,0.0,17.0,5.67,5.67,4.25,5.67,,False,,still,rose,,,,,,,bag-in-box,bag in box,https://wirwinzer.de/teamwerk-esslingen-bag-in-box-rosewein-3-0-l-672101000.html,,2026-08-14T14:35:23.542882+00:00
wirwinzer,WirWinzer,fachhandel,"2025 Oberrotweiler Grauburgunder, Bag-in-Box, 5 L, Region Kaiserstuhl, Baden 5,0 L","2025 Oberrotweiler Grauburgunder, Bag-in-Box, 5 L, Region Kaiserstuhl, Baden 5,0 L",,bag_in_box,Bag-in-Box,5.0,1,False,27.5,EUR,gross,0.0,27.5,5.5,5.5,4.12,5.5,,False,,still,weiss,,,2025,Deutschland,Baden,Grauburgunder,bag-in-box,bag in box,https://wirwinzer.de/oberrotweiler-winzerverein-2025-oberrotweiler-grauburgunder-bag-in-box-5-l-region-kaiserstuhl-baden-5-0-l-671091000.html,,2026-08-14T14:35:23.543445+00:00
wirwinzer,WirWinzer,fachhandel,"2024 Oberkircher Bag-in-Box Grauer Burgunder 3,0 L","2024 Oberkircher Bag-in-Box Grauer Burgunder 3,0 L",,bag_in_box,Bag-in-Box,3.0,1,False,15.99,EUR,gross,0.0,15.99,5.33,5.33,4.0,5.33,,False,,still,weiss,,,2024,,,,bag-in-box,bag in box,https://wirwinzer.de/oberkircher-winzer-2024-oberkircher-bag-in-box-grauer-burgunder-3-0-l-949122000.html,,2026-08-14T14:35:23.543906+00:00
wirwinzer,WirWinzer,fachhandel,"2025 Sonnenstund Weißburgunder, Bag-in-Box 3,0 L","2025 Sonnenstund Weißburgunder, Bag-in-Box 3,0 L",,bag_in_box,Bag-in-Box,3.0,1,False,14.5,EUR,gross,0.0,14.5,4.83,4.83,3.62,4.83,,False,,still,weiss,,,2025,,,Weißburgunder,bag-in-box,bag in box,https://wirwinzer.de/oberrotweiler-winzerverein-2025-sonnenstund-weissburgunder-bag-in-box-3-0-l-671097000.html,,2026-08-14T14:35:23.544420+00:00
wirwinzer,WirWinzer,fachhandel,"2024 MRKGRFLR Müller-Thurgau Bag in Box 3,0 L","2024 MRKGRFLR Müller-Thurgau Bag in Box 3,0 L",,bag_in_box,Bag-in-Box,3.0,1,False,14.0,EUR,gross,0.0,14.0,4.67,4.67,3.5,4.67,,False,,still,weiss,,,2024,,,Müller-Thurgau,bag-in-box,bag in box,https://wirwinzer.de/markgraefler-winzer-2024-mrkgrflr-mueller-thurgau-bag-in-box-3-0-l-1070112000.html,,2026-08-14T14:35:23.544958+00:00
wirwinzer,WirWinzer,fachhandel,"2025 Sonnenstund Grauburgunder & Rivaner, Bag-in-Box, fein & fruchtig, 3,0 L","2025 Sonnenstund Grauburgunder & Rivaner, Bag-in-Box, fein & fruchtig, 3,0 L",,bag_in_box,Bag-in-Box,3.0,1,False,14.5,EUR,gross,0.0,14.5,4.83,4.83,3.62,4.83,,False,,still,weiss,,,2025,,,Grauburgunder,bag-in-box,bag in box,https://wirwinzer.de/oberrotweiler-winzerverein-2025-sonnenstund-grauburgunder-rivaner-bag-in-box-fein-fruchtig-3-0-l-671096000.html,,2026-08-14T14:35:23.545469+00:00
wirwinzer,WirWinzer,fachhandel,"2024 Oberkircher Bag-in-Box Rosé 3,0 L","2024 Oberkircher Bag-in-Box Rosé 3,0 L",,bag_in_box,Bag-in-Box,3.0,1,False,15.99,EUR,gross,0.0,15.99,5.33,5.33,4.0,5.33,,False,,still,rose,,,2024,,,,bag-in-box,bag in box,https://wirwinzer.de/oberkircher-winzer-2024-oberkircher-bag-in-box-rose-3-0-l-949120000.html,,2026-08-14T14:35:23.545991+00:00
wirwinzer,WirWinzer,fachhandel,"2025 Oberrotweiler Rosé Bag in Box 5,0 L","2025 Oberrotweiler Rosé Bag in Box 5,0 L",,bag_in_box,Bag-in-Box,5.0,1,False,27.5,EUR,gross,0.0,27.5,5.5,5.5,4.12,5.5,,False,,still,rose,,,2025,,,,bag-in-box,bag in box,https://wirwinzer.de/oberrotweiler-winzerverein-2025-oberrotweiler-rose-bag-in-box-5-0-l-671092000.html,,2026-08-14T14:35:23.546484+00:00
wirwinzer,WirWinzer,fachhandel,"2024 Weissburgunder -RX- Bag-in-Box (BiB) Premium; Barrique 3,0 L","2024 Weissburgunder -RX- Bag-in-Box (BiB) Premium; Barrique 3,0 L",,bag_in_box,Bag-in-Box,3.0,1,False,25.0,EUR,gross,0.0,25.0,8.33,8.33,6.25,8.33,,False,,still,weiss,,,2024,,,Weißburgunder,bag-in-box,"bag in box, bib",https://wirwinzer.de/schildwein-2024-weissburgunder-rx-bag-in-box-bib-premium-barrique-3-0-l-1010072000.html,,2026-08-14T14:35:23.546948+00:00
wirwinzer,WirWinzer,fachhandel,"2024 MRKGRFLR Souvignier Gris Bag in Box 3,0 L","2024 MRKGRFLR Souvignier Gris Bag in Box 3,0 L",,bag_in_box,Bag-in-Box,3.0,1,False,14.0,EUR,gross,0.0,14.0,4.67,4.67,3.5,4.67,,False,,still,,,,2024,,,,bag-in-box,bag in box,https://wirwinzer.de/markgraefler-winzer-2024-mrkgrflr-souvignier-gris-bag-in-box-3-0-l-1070113000.html,,2026-08-14T14:35:23.547480+00:00
wirwinzer,WirWinzer,fachhandel,"Spätburgunder Rotwein 3 Liter BIB 3,0 L","Spätburgunder Rotwein 3 Liter BIB 3,0 L",,bag_in_box,Bag-in-Box,3.0,1,False,19.5,EUR,gross,0.0,19.5,6.5,6.5,4.88,6.5,,False,,still,rot,,,,,,Spätburgunder,bag-in-box,"bag in box, bib",https://wirwinzer.de/winzergenossenschaft-wolfenweiler-spaetburgunder-rotwein-3-liter-bib-3-0-l-970107000.html,,2026-08-14T14:35:23.547949+00:00
wirwinzer,WirWinzer,fachhandel,"2024 Bag in Box Weisswein 3,0 L","2024 Bag in Box Weisswein 3,0 L",,bag_in_box,Bag-in-Box,3.0,1,False,17.0,EUR,gross,0.0,17.0,5.67,5.67,4.25,5.67,,False,,still,weiss,,,2024,,,,bag-in-box,bag in box,https://wirwinzer.de/teamwerk-esslingen-2024-bag-in-box-weisswein-3-0-l-672100000.html,,2026-08-14T14:35:23.548564+00:00
wirwinzer,WirWinzer,fachhandel,"Schwäbischer Glühwein weiß 3L Bag-in-Box Weinschlauch 3,0 L","Schwäbischer Glühwein weiß 3L Bag-in-Box Weinschlauch 3,0 L",,bag_in_box,Bag-in-Box,3.0,1,False,12.0,EUR,gross,0.0,12.0,4.0,4.0,3.0,4.0,,False,,gluehwein,,,,,,,,bag-in-box,"bag in box, weinschlauch",https://wirwinzer.de/roland-vollmer-schwaebischer-gluehwein-weiss-3l-bag-in-box-weinschlauch-3-0-l-673139000.html,,2026-08-14T14:35:23.549085+00:00
wirwinzer,WirWinzer,fachhandel,"Wolfsglut Glühwein weiß ""Bag in Box"" 10,0 L","Wolfsglut Glühwein weiß ""Bag in Box"" 10,0 L",,bag_in_box,Bag-in-Box,10.0,1,False,33.0,EUR,gross,0.0,33.0,3.3,3.3,2.47,3.3,,False,,gluehwein,,,,,,,,bag-in-box,bag in box,https://wirwinzer.de/winzergenossenschaft-wolfenweiler-wolfsglut-gluehwein-weiss-bag-in-box-10-0-l-970104000.html,,2026-08-14T14:35:23.549612+00:00
wirwinzer,WirWinzer,fachhandel,"2025 Gelber Muskateller -SX- Bag-in-Box (BiB) 3,0 L","2025 Gelber Muskateller -SX- Bag-in-Box (BiB) 3,0 L",,bag_in_box,Bag-in-Box,3.0,1,False,23.0,EUR,gross,0.0,23.0,7.67,7.67,5.75,7.67,,False,,still,,,,2025,,,,bag-in-box,"bag in box, bib",https://wirwinzer.de/schildwein-2025-gelber-muskateller-sx-bag-in-box-bib-3-0-l-1010095000.html,,2026-08-14T14:35:23.550064+00:00
wirwinzer,WirWinzer,fachhandel,"2024 Sauvignon Blanc -RX- Bag-in-Box (BiB) 3,0 L","2024 Sauvignon Blanc -RX- Bag-in-Box (BiB) 3,0 L",,bag_in_box,Bag-in-Box,3.0,1,False,25.0,EUR,gross,0.0,25.0,8.33,8.33,6.25,8.33,,False,,still,weiss,,,2024,,,Sauvignon Blanc,bag-in-box,"bag in box, bib",https://wirwinzer.de/schildwein-2024-sauvignon-blanc-rx-bag-in-box-bib-3-0-l-1010093000.html,,2026-08-14T14:35:23.550563+00:00
wirwinzer,WirWinzer,fachhandel,"2025 Chardonnay -SX- Bag-in-Box (BiB) 3,0 L","2025 Chardonnay -SX- Bag-in-Box (BiB) 3,0 L",,bag_in_box,Bag-in-Box,3.0,1,False,22.0,EUR,gross,0.0,22.0,7.33,7.33,5.5,7.33,,False,,still,weiss,,,2025,,,Chardonnay,bag-in-box,"bag in box, bib",https://wirwinzer.de/schildwein-2025-chardonnay-sx-bag-in-box-bib-3-0-l-1010081000.html,,2026-08-14T14:35:23.551027+00:00
wirwinzer,WirWinzer,fachhandel,"2025 WINZER KOLLEKTIV, Grauburgunder, Bag-in-Box 5,0 L","2025 WINZER KOLLEKTIV, Grauburgunder, Bag-in-Box 5,0 L",,bag_in_box,Bag-in-Box,5.0,1,False,27.5,EUR,gross,0.0,27.5,5.5,5.5,4.12,5.5,,False,,still,weiss,,,2025,,,Grauburgunder,bag-in-box,bag in box,https://wirwinzer.de/oberrotweiler-winzerverein-2025-winzer-kollektiv-grauburgunder-bag-in-box-5-0-l-671106000.html,,2026-08-14T14:35:23.551984+00:00
wirwinzer,WirWinzer,fachhandel,"Glühwein rot Bag in Box 10,0 L","Glühwein rot Bag in Box 10,0 L",,bag_in_box,Bag-in-Box,10.0,1,False,35.0,EUR,gross,0.0,35.0,3.5,3.5,2.62,3.5,,False,,gluehwein,,,,,,,,bag-in-box,bag in box,https://wirwinzer.de/residenz-bechtel-gluehwein-rot-bag-in-box-10-0-l-1666031000.html,,2026-08-14T14:35:23.552603+00:00
wirwinzer,WirWinzer,fachhandel,"2025 WINZER KOLLEKTIV, Pinot Noir, Bag-in-Box 5,0 L","2025 WINZER KOLLEKTIV, Pinot Noir, Bag-in-Box 5,0 L",,bag_in_box,Bag-in-Box,5.0,1,False,27.5,EUR,gross,0.0,27.5,5.5,5.5,4.12,5.5,,False,,still,rot,,,2025,,,Pinot Noir,bag-in-box,bag in box,https://wirwinzer.de/oberrotweiler-winzerverein-2025-winzer-kollektiv-pinot-noir-bag-in-box-5-0-l-671107000.html,,2026-08-14T14:35:23.553582+00:00
